f7b09727d451edc2dcbfb4117816decb,国务院法制办公室关于《国务院关于修改〈中华人民共和国知识产权海关保护条例〉的决定（送审稿）》公开征求意见通知,fg_lvshangsite,行政法规,国务院法制办公室,全国,全国
1279a800d8423e80cca58247b78c9237,中华人民共和国食品安全法实施条例（修订草案征求意见稿）,fg_crawl_wkinfo,部门规章/文件,国家食品药品监督管理总局,全国,全国
650db9d957a0e7a25d7591a60ac6f84c,最高人民法院关于审理融资租赁合同纠纷案件适用法律问题的解释（征求意见稿）,fg_lvshangsite,司法解释/文件,最高人民法院,全国,全国
4bb4796fe96e9d40c30e1d7ca5cba101,消费者权益保护法修正案（草案二次审议稿）,fg_lvshangsite,法律,全国人大常委会,全国,全国
9b776ed2c8671ba0f7da477f73a6dc02,国务院法制办关于《中华人民共和国海上交通安全法（修订草案征求意见稿）》公开征求意见的通知,fg_lvshangsite,行政法规,国务院法制办公室,全国,全国
323f08497e09e1e488f802a3318860c2,国务院法制办公室关于《专利代理条例（修订草案送审稿）》公开征求意见的通知,fg_lvshangsite,行政法规,国务院法制办公室,全国,全国
b9f480d59eeb3cbeb2cffd063e6af532,广东省实施《中华人民共和国计量法》办法（草案）,fg_crawl_wkinfo,地方法规/文件,广东省人大及其常委会,广东省级法规,广东省
7dfb3042f1e5c704cd7c04a984a46fa,中华人民共和国人民检察院组织法（修订草案）,fg_struct_input,法律,全国人大常委会,全国,全国
16e28f6d7a5d52c240d3e9997bc8f90d,国务院法制办公室关于公布《戒毒条例（征求意见稿）》公开征求意见的通知,fg_lvshangsite,行政法规,国务院法制办公室,全国,全国
795f165d41c44e20d9bed5f1e0071077,国务院法制办公室关于《流动人口计划生育工作条例（修订草案送审稿）》公开征求意见的通知,fg_lvshangsite,行政法规,国务院法制办公室,全国,全国
e071ae9d2126bc01cf789e1b3f3d51f,国务院法制办公室关于公布《城镇排水与污水处理条例（征求意见稿）》公开征求意见的通知,fg_lvshangsite,行政法规,国务院法制办公室,全国,全国
fa965da7de744415489bf22be927ecfb,国务院法制办公室关于公布《医疗纠纷预防与处理条例（送审稿）》公开征求意见的通知,fg_lvshangsite,行政法规,国务院法制办公室,全国,全国
c6d92fe47ce1c528e1d11ecfe9e210fe,国务院法制办公室关于公布《政府投资条例（征求意见稿）》公开征求意见的通知,fg_lvshangsite,行政法规,国务院法制办公室,全国,全国
1b32f6c004d7c083dd8f40c441926865,广东省专业技术人员继续教育条例（修订草案表决对照稿）,fg_crawl_wkinfo,地方法规/文件,广东省人大及其常委会,广东省级法规,广东省
669fd09f4fe0135cd6e5d81d17ab1044,最高人民法院关于审理侵犯信息网络传播权民事纠纷案件适用法律若干问题的规定（征求意见稿）,fg_lvshangsite,司法解释/文件,最高人民法院,全国,全国
733d6c337fe31e2d1b6dad76a58e0a86,《北京市消费类预付费服务交易合同行为指引》公开征集意见,fg_lvshangsite,地方法规/文件,北京市工商行政管理局,直辖市级法规,北京市
174ae201d5b9b5fc6a4d149de01492b3,广东省老年人权益保障条例（修订草案送审稿）,fg_crawl_wkinfo,地方法规/文件,广东省人民政府法制办公室,广东省级法规,广东省
43dbdaa2fdad4f0cad3c9906a641b875,中华人民共和国民法总则（草案）,fg_lvshangsite,法律,全国人大常委会,全国,全国
66b9488d62fefdd72b82a2956fda6906,大气污染防治法（修订草案）,fg_lvshangsite,法律,全国人大常委会,全国,全国
dd2501939b24a87d0dbdc3754a6c4913,国务院法制办公室关于《中华人民共和国税收征收管理法修订草案（征求意见稿）》公开征求意见的通知,fg_lvshangsite,行政法规,国务院法制办公室,全国,全国
4977f1701ac6beb757caa5ce94bf32f6,家用汽车产品修理、更换、退货责任规定（草案）,fg_crawl_faxin,部门规章/文件,国家质量监督检验检疫总局,全国,全国
601c7b2bff5502f91480b9ac117bc7fc,珠海市社会组织信用信息管理和使用实施细则（试行）（征求意见稿）,fg_crawl_wkinfo,地方法规/文件,珠海市民政局,珠海市,广东省
1a21a1d50b7160174e8e81e03697281f,中华人民共和国反不正当竞争法（修订草案）征求意见,fg_lvshangsite,法律,全国人大常委会,全国,全国
94f39a17c26335c58400ad81c445f5ce,中华人民共和国环境保护法修正案（草案）（二次审议稿）,fg_lvshangsite,法律,全国人大常委会,全国,全国
b325c04ee13a626bf52552a80ad4ff7b,国务院法制办关于《铁路建设条例（征求意见稿）》公开征求意见的通知,fg_lvshangsite,行政法规,国务院法制办公室,全国,全国
77fb673542757c144679ae43fbeaae4f,全国人民代表大会常务委员会办公厅关于公布《中华人民共和国水污染防治法（修订草案）》征求意见的通知,fg_lvshangsite,法律,全国人大常委会,全国,全国
a28c2e6bf384a9205b9470c1a6e85fba,通信工程建设项目招标投标管理办法（征求意见稿）,fg_crawl_wkinfo,部门规章/文件,工业和信息化部,全国,全国
92cca72f7eff6dea0b0e78f0d3149359,关于对《汽车销售合同示范文本》（征求意见稿）和《二手车销售合同示范文本》（征求意见稿）公开征求意见的公告,fg_lvshangsite,部门规章/文件,国家工商行政管理总局,全国,全国
509b1ce971745ffc328947e9714daef7,中华人民共和国中医药法（草案）,fg_lvshangsite,法律,全国人大常委会,全国,全国
9909ff3b697a0675c07228c630c92c60,国务院法制办公室关于《精神卫生法（草案）》公开征求意见的通知,fg_lvshangsite,行政法规,国务院法制办公室,全国,全国
7eb1ce949786f2e26b7e5ea7c69869e4,中华人民共和国电影产业促进法（草案）,fg_lvshangsite,法律,全国人大常委会,全国,全国
7a00039945c3f814dd75a211104941a,国务院法制办公室关于公布《企业信息公示条例（征求意见稿）》公开征求意见的通知,fg_lvshangsite,行政法规,国务院法制办公室,全国,全国
e39a62c0a3dbf26cfd4a02a000053f14,国务院法制办公室关于《国家土地督察条例（征求意见稿）》公开征求意见的通知,fg_lvshangsite,行政法规,国务院法制办公室,全国,全国
32a5a6a95da802d10d70b5d4ea51d612,最高人民法院关于人民法院处理涉外仲裁及外国仲裁案件的若干规定（征求意见稿）,fg_lvshangsite,司法解释/文件,最高人民法院,全国,全国
f4fd8bdb079ac9f984c63aae2ea1cf5a,关于《关于延长授权国务院在实施股票发行注册制改革中调整适用〈中华人民共和国证券法〉有关规定期限的决定（草案）》的说明,fg_ds_input,法律,全国人大常委会,全国,全国
c79efe8459e4f50b4f23409c8961e78b,天津市养老服务促进条例（草案）,fg_crawl_wkinfo,地方法规/文件,天津市人大及其常委会,直辖市级法规,天津市
cab400d426bbeff8edbb855861992830,对《中华人民共和国人民陪审员法（草案）》的说明,fg_ds_input,法律,全国人大常委会,全国,全国
451f9e3ae25b73c5f678808cbf6774d2,中华人民共和国测绘法（修订草案）征求意见,fg_lvshangsite,法律,全国人大常委会,全国,全国
c607ba0d93fe06cf05bdb43cb23947d7,国家版权局关于《著作权质权登记办法（征求意见稿）》公开征求意见的通知,fg_lvshangsite,,新闻出版总署,全国,全国
81b3fad88c59d2fc9635de382ae7438f,国务院法制办公室关于公布《政府制定价格成本监审条例（征求意见稿）》公开征求意见的通知,fg_lvshangsite,行政法规,国务院法制办公室,全国,全国
acf70d66d766520ff8e9a9f64661c460,国务院法制办公室关于《融资担保公司管理条例（征求意见稿）》公开征求意见的通知,fg_lvshangsite,行政法规,国务院法制办公室,全国,全国
c798993e686055bc74a37580ae90d5fd,广东省农村宅基地管理办法（送审稿）,fg_crawl_wkinfo,地方法规/文件,广东省人民政府法制办公室,广东省级法规,广东省
d12474d6b7e45995a5ec69f89eabadb2,中华人民共和国食品安全法（修订草案）（二次审议稿）,fg_lvshangsite,法律,全国人大常委会,全国,全国
ecfcb550c3b7b31ffdc1a6a03a716b6c,全国人民代表大会宪法和法律委员会关于《中华人民共和国人民陪审员法（草案二次审议稿）》修改意见的报告,fg_ds_input,法律,全国人民代表大会,全国,全国
808c6d747efca4594b54ed1db7e8bbd3,国务院法制办公室关于公布《中华人民共和国防治船舶污染海洋环境管理条例（征求意见稿）》公开征求意见的通知,fg_lvshangsite,行政法规,国务院法制办公室,全国,全国
9cca36426b9797dead6f77e4a324cd20,国家经委关于处理港口、车站无法交付货物的规定（试行草案）,fg_crawl_faxin,部门规章/文件,国家经济委员会,全国,全国
7a00f2ba0d1172467660e99e8aa8d045,上海市美发美容、沐浴行业预付费消费卡买卖合同示范文本（意见征询稿）,fg_lvshangsite,地方法规/文件,上海市工商行政管理局,直辖市级法规,上海市
fb8d1b251b8e9d65d5c76e2cc26293af,云南省文山壮族苗族自治州水资源管理条例（修订草案）,fg_crawl_wkinfo,地方法规/文件,云南省人大及其常委会,云南省级法规,云南省
940cd2eeefc1f4c9ac59592fdd064ed8,印章业治安管理条例（征求意见稿）,fg_ds_input,部门规章/文件,公安部,全国,全国
ae8c274db58ed0613c45de72f1290f42,中华人民共和国旅游法（草案）,fg_lvshangsite,法律,全国人大常委会,全国,全国
a3ab9df666e4d2ca3669799342548671,国务院法制办公室关于公布《消耗臭氧层物质管理条例（征求意见稿）》公开征求意见的通知,fg_lvshangsite,行政法规,国务院法制办公室,全国,全国
dd8e17a9c80ff5f0d12be90d3f73756f,国务院法制办公室关于公布《国有土地上房屋征收与补偿条例（第二次公开征求意见稿）》公开征求意见的通知,fg_lvshangsite,行政法规,国务院法制办公室,全国,全国
975b720bc7a88e2afc97c425766c31a,中华人民共和国网络安全法（草案）,fg_lvshangsite,法律,全国人大常委会,全国,全国
ca903ace98e856d4be792ed2ab11a2f8,卫生部关于《职业健康检查管理办法（征求意见稿）》公开征求意见的通知,fg_lvshangsite,行政法规,国务院法制办公室,全国,全国
d87af06d99dd716bffc91232d5c7a204,国家工商总局关于《动产抵押登记办法》（征求意见稿）公开征求意见的公告,fg_lvshangsite,部门规章/文件,国家工商行政管理总局,全国,全国
356ce76d7edfa1a9052e09fd1bb56c2d,中华人民共和国红十字会法（修订草案）（二次审议稿）征求意见,fg_lvshangsite,法律,全国人大常委会,全国,全国
c87c154e780fd87a137fe1452e432b19,国务院法制办公室关于公布《中华人民共和国劳动合同法实施条例［草案］》公开征求意见的通知,fg_lvshangsite,行政法规,国务院法制办公室,全国,全国
ac7578118d0e4dc9ad5df63d747cf1db,全国人民代表大会宪法和法律委员会对《关于在上海设立金融法院的决定（草案）》审议结果的报告,fg_ds_input,法律,全国人民代表大会,全国,全国
2c28e69cbc6f611085db579a5473c2ec,中华人民共和国环境保护法修正案（草案）,fg_lvshangsite,法律,全国人大常委会,全国,全国
2d55a4c0a267a0d27d0f7565b42edb6a,关于《深圳市房地产买卖合同（预售）示范文本》（2009版）征求意见的公告,fg_lvshangsite,地方法规/文件,深圳市规划和国土资源委员会,深圳市,广东省
ad6bfe40015e270b1c85c36b5a0d7fb2,国务院法制办公室关于公布《中华人民共和国消费者权益保护法实施条例（送审稿）》公开征求意见的通知,fg_lvshangsite,行政法规,国务院法制办公室,全国,全国
834a0bc64193141c70b94f635f9f63a1,中华人民共和国公共文化服务保障法（草案）（二次审议稿）征求意见,fg_lvshangsite,法律,全国人大常委会,全国,全国
5fffa9eb533640b5b08b247e0b0cf3f9,《北京市商品房预售合同》、《北京市商品房现房买卖合同》、《北京市自住型商品住房预售合同》示范文本公开征集意见,fg_lvshangsite,地方法规/文件,"北京市工商行政管理局,北京市住房和城乡建设委员会",直辖市级法规,北京市
7932d9ef296cafcbbc2c80299ef327ea,最高法院关于审理侵权人身损害赔偿案件适用法律若干问题的解释（征求意见稿）,fg_lvshangsite,司法解释/文件,最高人民法院,全国,全国
e574301545e02e27df1c7a4758393d85,国务院法制办公室关于《人类遗传资源管理条例（送审稿）》公开征求意见的通知,fg_lvshangsite,行政法规,国务院法制办公室,全国,全国
97d2ce0b1b2ada7785f1bfcda390d5de,消费者权益保护法修正案（草案）条文及草案说明,fg_lvshangsite,法律,全国人大常委会,全国,全国
62a18c9870f1da230da1e1efe6c1abe,常委会会议表决修改部分地方性法规的决定（草案）,fg_crawl_wkinfo,地方法规/文件,上海市人大及其常委会,直辖市级法规,上海市
ab3faf368d17e1f3c79a414c50967358,海南省国家税务局建立大企业税务风险内部控制机制认证管理办法（征求意见稿）,fg_crawl_wkinfo,地方法规/文件,海南省国家税务局,海南省级法规,海南省
18b0b4ac53d0281aa9f5b37a328cf3a9,最高人民法院关于审理侵犯专利权纠纷案件应用法律若干问题的解释（二）（公开征求意见稿）,fg_lvshangsite,司法解释/文件,最高人民法院,全国,全国
2ef9dc6562fb3065c81c471935067207,最高人民法院关于审理外商投资企业纠纷案件若干问题的规定（一）（征求意见稿）,fg_lvshangsite,司法解释/文件,最高人民法院,全国,全国
19c46ba2a675f61a70a89d21d0bd11b2,江苏省核事故应急管理条例（第一次征求意见稿）,fg_crawl_wkinfo,地方法规/文件,江苏省人民政府法制办公室,江苏省级法规,江苏省
46e4fb7dbaf4145d9d71d17e7edd1cd,中华人民共和国劳动合同法修正案（草案）,fg_lvshangsite,法律,全国人大常委会,全国,全国
9d51628df98cdf71ad2359815a97015d,青海省旅游条例（修订草案）,fg_crawl_wkinfo,地方法规/文件,青海省人大及其常委会,青海省级法规,青海省
4facad48beb820ba99bcf6e29d10cec0,国务院法制办公室关于《食盐专营办法（修订送审稿）》和《盐业管理条例（修订送审稿）》公开征求意见的通知,fg_lvshangsite,行政法规,国务院法制办公室,全国,全国
49e31164b660a2622f5ccc26b7b362a1,广东省机关事业单位基本养老保险费征收暂行办法（征求意见稿）,fg_crawl_wkinfo,地方法规/文件,广东省人力资源和社会保障厅,广东省级法规,广东省
c5aebf30b5016c589e19e62437bddd49,中国网球协会少儿网球发展联盟会员管理办法（征求意见稿）,fg_crawl_faxin,团体规定,中国网球协会,全国,全国
b494fc224eba9490910e20bfd5e00c8c,最高人民法院《关于审理专利侵权纠纷案件若干问题的规定》（会议讨论稿2003．10．27－29）,fg_lvshangsite,司法解释/文件,最高人民法院,全国,全国
3431ffddcf16acd07db13114ecbd778a,国家统一法律职业资格考试实施办法,fg_ds_input,部门规章,司法部,全国,全国
1b73d606324594569e4d96ee60bf268c,北京市预付费消费合同核心条款（征求意见稿）,fg_lvshangsite,地方法规/文件,北京市工商行政管理局,直辖市级法规,北京市
7a61881e2a9bc9206f62b5e4d8394f76,最高法院关于审理劳动争议案件适用法律若干问题的解释（四）（征求意见稿）,fg_lvshangsite,司法解释/文件,最高人民法院,全国,全国
9a665291c120f33406256dbe53b1f3ab,国务院法制办公室关于《非存款类放贷组织条例（征求意见稿）》公开征求意见的通知,fg_lvshangsite,行政法规,国务院法制办公室,全国,全国
ff7bade4496d2af2eb3f4b86c3e829d0,关于审理道路交通事故损害赔偿案件适用法律若干问题的解释（征求意见稿）,fg_lvshangsite,司法解释/文件,最高人民法院,全国,全国
6284828c943e816c3637443631d7abc4,国务院法制办公室关于公布《城市公共交通条例（征求意见稿）》公开征求意见的通知,fg_lvshangsite,行政法规,国务院法制办公室,全国,全国
2bf911dacfe69146706b5910c4cf5d7d,中华人民共和国预算法修正案（草案）（二次审议稿）,fg_lvshangsite,法律,全国人大常委会,全国,全国
81fe70242dd99d7c43794fe874c8cf52,国务院法制办公室关于《中华人民共和国外国人入境出境管理条例（征求意见稿）》公开征求意见的通知,fg_lvshangsite,行政法规,国务院法制办公室,全国,全国
7efb954b182bff319a7044425be3b70d,关于修改《广东省工资支付条例》的决定（送审稿）,fg_crawl_wkinfo,地方法规/文件,广东省人民政府法制办公室,广东省级法规,广东省
d14f3bbdcf7bce0d0e9c885ad99ee754,中华人民共和国特种设备安全法（草案）,fg_lvshangsite,法律,全国人大常委会,全国,全国
ff974c6f435a1fc7219d01135ee96926,国务院法制办公室关于公布《农业机械安全监督管理条例（征求意见稿）》公开征求意见的通知,fg_lvshangsite,行政法规,国务院法制办公室,全国,全国
953ba99ae65a3c900f52b69d46542a1a,汕尾市城乡居民基本养老保险实施办法（征求意见稿）,fg_crawl_wkinfo,地方法规/文件,汕尾市人力资源和社会保障局,汕尾市,广东省
79dd0ee03c16dc57919a035e99db3844,国务院法制办关于《旅行社条例（修订草案送审稿）》公开征求意见的通知,fg_lvshangsite,行政法规,国务院法制办公室,全国,全国
d2fc6ff7aa8db8679a19376d208f757c,国务院法制办公室发布就《经济责任审计条例［征求意见稿］》公开征求意见的通知,fg_lvshangsite,行政法规,国务院法制办公室,全国,全国
8095457e8dfb05eb9d78bc625c3bbddf,国务院法制办公室关于《中华人民共和国安全生产法（修正案）（征求意见稿）》公开征求意见的通知,fg_lvshangsite,行政法规,国务院法制办公室,全国,全国
7d182afb7bb2962d515b10fe05208542,国务院法制办公室、交通部关于公布《收费公路管理条例（草案）》征求意见的通知,fg_lvshangsite,行政法规,国务院,全国,全国
1cd64688abfc6a72de6e134a3acbb895,国务院法制办公室关于《核电管理条例（送审稿）》公开征求意见的通知,fg_lvshangsite,行政法规,国务院法制办公室,全国,全国
9e161d339493882b5feff15df76839f5,关于《表彰奖励工作条例（征求意见稿）》公开征求意见的通知,fg_lvshangsite,行政法规,国务院法制办公室,全国,全国
623a97d866403ca2c604342835b9a683,国家科委关于进口国外书刊资料外汇分配暂行管理办法（草案）,fg_crawl_faxin,部门规章/文件,国家科学技术委员会,全国,全国
d0b67ab75f1c072612e8ccb5173ea086,《中华人民共和国宪法修正案（草案）》（摘要）,fg_ds_input,法律,全国人民代表大会,全国,全国
c4424516c7a49ec10ec6ead6feb1ee32,淄博市小型水库管理办法（征求意见稿）,fg_crawl_wkinfo,地方法规/文件,淄博市人民政府法制办公室,淄博市,山东省
493198f5ee9d922423906528b26c382d,中华人民共和国野生动物保护法（修订草案）,fg_lvshangsite,法律,全国人大常委会,全国,全国
e7344b073c575ad01fb6b1d936430af2,广州市2014年安全生产工作要点（征求意见稿）,fg_crawl_wkinfo,地方法规/文件,广州市安全生产监督管理局,广州市,广东省
ae155e7d83c3feee2983125a025a25b8,国务院法制办公室关于公布《上市公司监督管理条例（征求意见稿）》及其说明公开征求意见的通知,fg_lvshangsite,行政法规,国务院法制办公室,全国,全国
302e2a2c11b299d05a10402a5fc33661,最高人民法院关于审理商标授权确权行政案件若干问题的规定（征求意见稿）,fg_lvshangsite,司法解释/文件,最高人民法院,全国,全国
62967e241b02a70566469521cc908085,电子工业部科学技术研究成果奖励办法（二次修订草案）,fg_crawl_faxin,部门规章/文件,电子工业部,全国,全国
e61397358caf83740c930c57938dd811,中华人民共和国刑法修正案（九）（草案）（二次审议稿）,fg_lvshangsite,法律,全国人大常委会,全国,全国
74348bb49315baabc1a0eb381f9bccee,中华人民共和国刑法修正案（九）（草案）,fg_lvshangsite,法律,全国人大常委会,全国,全国
8ed2480e27d9abeff6b1a54efcf651f1,关于征求建设工程勘察合同示范文本（征求意见稿）意见的函,fg_lvshangsite,部门规章/文件,住房和城乡建设部,全国,全国
2b01d1e09145f22966fa38adfea8030d,北京市制定地方性法规条例（修订草案修改稿）,fg_crawl_wkinfo,地方法规/文件,北京市人大及其常委会,直辖市级法规,北京市
f4772521cecb605a70d976535868533d,国务院法制办公室关于《全民阅读促进条例（征求意见稿）》公开征求意见的通知,fg_lvshangsite,行政法规,国务院法制办公室,全国,全国
45eddd1e2ab58b6e4562efae15ad17bf,最高人民法院关于适用《中华人民共和国保险法》若干问题的解释（三）（征求意见稿）,fg_lvshangsite,司法解释/文件,最高人民法院,全国,全国
435b5db28cc2730f6c51bf04fe52820f,中华人民共和国核安全法（草案）征求意见,fg_lvshangsite,法律,全国人大常委会,全国,全国
81322273c13515c76b626de6d578c8a,教育法律一揽子修正案（草案）,fg_lvshangsite,法律,全国人大常委会,全国,全国
6301da45586142201ee08c69494b6fe0,江苏省食品小作坊和食品摊贩管理条例（草案）（征求意见稿）,fg_crawl_wkinfo,地方法规/文件,江苏省人民政府法制办公室,江苏省级法规,江苏省
785896748a9ee10092a55645eb8ed2dd,关于修改《广东省工资支付条例》的决定（征求意见稿）,fg_crawl_wkinfo,地方法规/文件,广东省人力资源和社会保障厅,广东省级法规,广东省
7a119de077aabbf29b4e803405a1452a,国务院法制办公室关于公布《放射性物品运输安全监管条例（征求意见稿）》公开征求意见的通知,fg_lvshangsite,行政法规,国务院法制办公室,全国,全国
18c083f1241d6bbac6629c418482106,资产评估法（草案）条文及草案说明,fg_lvshangsite,法律,全国人大常委会,全国,全国
f5ebfd72b30c18291852f68a46876f60,河南省人大常委会关于批准《洛阳市环境保护教育条例》的决议（草案）,fg_crawl_faxin,地方法规/文件,河南省人大及其常委会,河南省级法规,河南省
cfce4522c111763127d28192ec629d98,最高人民法院关于修改《最高人民法院关于审理专利纠纷案件适用法律问题的若干规定》的决定（公开征求意见稿）,fg_lvshangsite,司法解释/文件,最高人民法院,全国,全国
126d9355f42c201d430504342914095e,上海市急救医疗服务条例（草案）,fg_crawl_wkinfo,地方法规/文件,上海市人大及其常委会,直辖市级法规,上海市
32be6773165153ba71af13cbec6c2ef9,关于对《宁波市国资国企系统信息宣传工作考核暂行办法（征求意见稿）》征求意见的通知,fg_lvshangsite,地方法规/文件,宁波市人民政府国有资产监督管理委员会,宁波市,浙江省
7df31d61dc359413618072d5fad74267,深化医药卫生体制改革部际协调工作小组关于《关于深化医药卫生体制改革的意见（征求意见稿）》公开征求意见的公告,fg_lvshangsite,行政法规,国务院深化医药卫生体制改革领导小组办公室,全国,全国
c7f3b001db0eafd32b5c08f62468a005,海南省国家税务局注销税务登记管理办法（征求意见稿）,fg_crawl_wkinfo,地方法规/文件,海南省国家税务局,海南省级法规,海南省
9dd8c476b52eec147abfbb3386a887e,国务院法制办公室关于《机关事务管理条例（征求意见稿）》公开征求意见的说明,fg_lvshangsite,行政法规,国务院法制办公室,全国,全国
e3b97e489b5fae04356e3ca4647959bd,中华人民共和国全国人民代表大会和地方各级人民代表大会代表法修正案（草案）及草案说明,fg_lvshangsite,法律,全国人民代表大会,全国,全国
66215b06ec47766639fe4cb113c25bfd,淄博市大武地下水富集区保护管理条例（草案）,fg_crawl_wkinfo,地方法规/文件,淄博市人民政府法制办公室,淄博市,山东省
47518dff893af45d46f3404b47ddf0ab,广东省实施《女职工劳动保护特别规定》办法（征求意见稿）,fg_crawl_wkinfo,地方法规/文件,广东省人民政府法制办公室,广东省级法规,广东省
99f952c961911ec7266faaabd1d3143d,国务院法制办公室关于《中华人民共和国车船税法实施条例（征求意见稿）》公开征求意见的通知,fg_lvshangsite,行政法规,国务院法制办公室,全国,全国
628ec528079131c7c187376d64d8bb58,国务院法制办关于《政府参事工作条例（征求意见稿）》公开征求意见的通知,fg_lvshangsite,行政法规,国务院法制办公室,全国,全国
5f9b43bdc9de2243815a74d32aec09f3,药品注册特殊审批管理规定（征求意见稿）,fg_crawl_wkinfo,地方法规/文件,海口市食品药品监督管理局,海口市,海南省
9b198cde97b4c239afa0d95f22bfbcd3,中华人民共和国保守国家秘密法（修订草案）,fg_lvshangsite,法律,全国人大常委会,全国,全国
926cf8cfbafb608d00eac56ed905ab6a,棉花调拨合同实施办法（试行草案）,fg_crawl_faxin,部门规章/文件,商业部,全国,全国
b535097de8dc6bcd5ca824ce3c67dd29,江苏省自然灾害救助办法（送审稿）,fg_crawl_wkinfo,地方法规/文件,江苏省人民政府法制办公室,江苏省级法规,江苏省
793cd7b10262903261cb3df41116cd83,商业银行资本管理办法（征求意见稿）,fg_crawl_wkinfo,部门规章/文件,中国银行业监督管理委员会,全国,全国
2edd2433af1397f449176c5bff6a5b4c,关于公开征求《招商引资协议书》合同示范文本意见和建议的公告,fg_lvshangsite,地方法规/文件,广州市人民政府法制办公室,广州市,广东省
e1c47dfb5b83dbef3853f2b19f15c799,关于广东省企业职工基本养老保险视同缴费账户记账有关问题的通知（征求意见稿）,fg_crawl_wkinfo,地方法规/文件,广东省人力资源和社会保障厅,广东省级法规,广东省
7eae1f54df4fb770e7791ab16ad953f6,国务院法制办公室关于公布《饲料和饲料添加剂管理条例（修订草案征求意见稿）》公开征求意见的通知,fg_lvshangsite,行政法规,国务院法制办公室,全国,全国
b619c291266bf67fc16e1a723bad8dca,国务院法制办公室关于公布《博物馆条例（征求意见稿）》及其说明公开征求意见的通知,fg_lvshangsite,行政法规,国务院法制办公室,全国,全国
9b89b5c414ff54f2bd5f3af3fd9b44af,网络出版服务管理规定（修订征求意见稿）,fg_crawl_wkinfo,部门规章/文件,新闻出版总署,全国,全国
9ad9a0968a0b2efe5bc4a3ff6ad9e6af,国务院法制办公室关于公布《中华人民共和国发票管理办法［修订草案］［征求意见稿］》公开征求意见的通知,fg_lvshangsite,行政法规,国务院法制办公室,全国,全国
18f46ab3e4bb05c286273aaca452a23,国务院法制办公室关于公布《无障碍环境建设条例（征求意见稿）》公开征求意见的通知,fg_lvshangsite,行政法规,国务院法制办公室,全国,全国
4d3d5acb53809af46fb18d69921a5cc9,关于公开征集《深圳市市场监督管理局合同格式条款备案办法》（征求意见稿）的意见的通知,fg_lvshangsite,地方法规/文件,深圳市市场监督管理局,深圳市,广东省
372a5a0738a19b34f16cd90c9b8d50e4,最高人民法院关于审查知识产权与竞争纠纷行为保全案件适用法律若干问题的解释（征求意见稿）,fg_lvshangsite,司法解释/文件,最高人民法院,全国,全国
443f76e35f67627296f920ac8dad762,国务院法制办公室关于《国务院关于修改〈中华人民共和国审计法实施条例〉的决定（征求意见稿）》公开征求意见的通知,fg_lvshangsite,行政法规,国务院法制办公室,全国,全国
9447a0ac33d7b05aed9cc6c348280564,关于在审理侵犯商标权等民事纠纷案件中认定和保护驰名商标应用法律若干问题的解释（征求意见稿）,fg_lvshangsite,司法解释/文件,最高人民法院,全国,全国
b2f2010fdb1a95a6de7241605db031e,国务院法制办公室关于公布《教育督导条例［征求意见稿］》公开征求意见的通知,fg_lvshangsite,行政法规,国务院法制办公室,全国,全国
1b07af53b4155d80f27c83a2b1fcb543,《广州市退役运动员安置办法》　（征求意见稿）,fg_crawl_wkinfo,地方法规/文件,"广州市体育局,广州市人事局,广州市劳动和社会保障局,广州市财政局,广州市教育局",广州市,广东省
e6a67b079f2f8d0175182532b24e9ddc,《中华人民共和国民办教育促进法》修正案（草案）（二次审议稿）,fg_lvshangsite,法律,全国人大常委会,全国,全国
e25596ecba40b9e04001fac622e8a893,国务院法制办公室关于《粮食法（征求意见稿）》公开征求意见的通知,fg_lvshangsite,行政法规,国务院法制办公室,全国,全国
93803f3bfaab4e771b99d69fb0d5d765,食品安全法（修订草案）,fg_lvshangsite,法律,全国人大常委会,全国,全国
2ffe551d278dd6a354fe77cb34f48c73,国务院法制办公室关于公布《中华人民共和国地图管理条例（征求意见稿）》公开征求意见的通知,fg_lvshangsite,行政法规,国务院法制办公室,全国,全国
2c6d0493c424b0b6d8d0c7b90fdc8779,国务院法制办公室关于《城镇住房保障条例（征求意见稿）》公开征求意见的通知,fg_lvshangsite,行政法规,国务院法制办公室,全国,全国
e46e266137b8c3ebafe37cea8db5bb,国营企业计件工资暂行办法（草案）,fg_crawl_faxin,部门规章/文件,"国家计划委员会,国家经济委员会,国家劳动总局",全国,全国
4afb8328994ad5cb9a11c01f757fe052,国务院法制办公室关于《气象设施和气象探测环境保护条例（征求意见稿）》公开征求意见的通知,fg_lvshangsite,行政法规,国务院法制办公室,全国,全国
4da06d3b6089787623b5381266508884,全国人民代表大会宪法和法律委员会关于《全国人民代表大会常务委员会关于国务院机构改革涉及法律规定的行政机关职责调整问题的决定（草案）》审议结果的报告,fg_ds_input,法律,全国人民代表大会,全国,全国
4d4fc4ab0911a848875c0cb55a66517a,广东省防御雷电灾害条例（征求意见稿）,fg_crawl_wkinfo,地方法规/文件,揭阳市法制局,揭阳市,广东省
f414100a0c51f888ec687646bbc7f6b9,关于向社会公开征求《应收账款质押登记办法（修订征求意见稿）》意见的公告,fg_lvshangsite,部门规章/文件,中国人民银行,全国,全国
fe324bf6b6935e5ac804783c0e32fdf3,国务院法制办公室关于《国务院关于修改〈建设工程勘察设计管理条例〉的决定（征求意见稿）》公开征求意见的通知,fg_lvshangsite,行政法规,国务院法制办公室,全国,全国
964638aa261e6dce715750ea4174998d,关于无效合同所涉诉讼时效问题的规定（征求意见稿）,fg_lvshangsite,司法解释/文件,最高人民法院,全国,全国
94b4b154f070db720592823c2cb9a3c2,武汉市工伤保险实施办法（征求意见稿）,fg_crawl_wkinfo,地方法规/文件,武汉市人民政府法制办公室,武汉市,湖北省
af58d242eec1d57397aa420659f4c76a,国务院法制办公室关于《不动产登记暂行条例（征求意见稿）》公开征求意见的通知,fg_lvshangsite,行政法规,国务院法制办公室,全国,全国
72cef6bb60e8c23260936539ae448d3c,中国网球协会少儿网球发展联盟积分赛竞赛规程总则（征求意见稿）,fg_crawl_faxin,团体规定,中国网球协会,全国,全国
9af292850a56ea15c3eb61e9d0f71fa4,国务院法制办公室关于《规章制定程序条例（修订草案征求意见稿）》公开征求意见的通知,fg_lvshangsite,行政法规,国务院法制办公室,全国,全国
c7988a55aecc986472965dffde950570,广州市市属行政事业单位国有资产处置办法（征求意见稿）,fg_crawl_wkinfo,地方法规/文件,广州市财政局,广州市,广东省
4dc90956ff451150aa77b9d54b2e3e67,危险化学品经营许可证管理办法（修订草案）,fg_crawl_wkinfo,部门规章/文件,国家安全生产监督管理总局,全国,全国
1c3143c1cf2b08be4de1482feeeb18c,国务院法制办公室就《中华人民共和国领事工作条例（征求意见稿）》公开征求意见的通知,fg_lvshangsite,行政法规,国务院法制办公室,全国,全国
15457e0a54325ff5be26cfbffb78a67b,最高人民法院关于限制被执行人高消费的若干规定（征求意见稿）,fg_lvshangsite,司法解释/文件,最高人民法院,全国,全国
e369c0bf0bc08511c5f4b18b69b0cd04,中华人民共和国营业税条例（草案）,fg_lvshangsite,行政法规,国务院,全国,全国
dfcbf7591b1e44c261839f356314a11f,国务院法制办公室关于公布《全国人口普查条例（征求意见稿）》公开征求意见的通知,fg_lvshangsite,行政法规,国务院法制办公室,全国,全国
d180030f26d7c3df4c0a4d6d4e274514,国务院法制办公室关于《国务院关于修改〈报废汽车回收管理办法〉的决定（征求意见稿）》公开征求意见的通知,fg_lvshangsite,行政法规,国务院法制办公室,全国,全国
1562292f7d3365d339325cee1ae855f0,关于就《最高人民法院关于适用〈中华人民共和国公司法〉若干问题的规定（四）》（征求意见稿）向社会公开征求意见的公告,fg_lvshangsite,司法解释/文件,最高人民法院,全国,全国
674aaf3cbb1d741cd90942a391a12da3,国务院法制办公室关于《中华人民共和国无线电管理条例（修订草案）（征求意见稿）》公开征求意见的通知,fg_lvshangsite,行政法规,国务院法制办公室,全国,全国
e91854f64267f8c925de25e9155a4f47,上海市经济适用住房预（出）售合同示范文本（2009版）向社会公开征求意见,fg_lvshangsite,地方法规/文件,"上海市住房保障和房屋管理局,上海市工商行政管理局",直辖市级法规,上海市
ce2e313575168f7064a2ab2e0d7b15bb,国务院法制办公室关于《志愿服务条例（征求意见稿）》公开征求意见的通知,fg_lvshangsite,行政法规,国务院法制办公室,全国,全国
4c143376db99799ee661c968c66d2391,国务院法制办公室关于《中华人民共和国注册会计师法（修正案）（征求意见稿）》公开征求意见的通知,fg_lvshangsite,行政法规,国务院法制办公室,全国,全国
5efe3f1400db187a7c926a7d0972e6ef,中华人民共和国电影产业促进法（草案）（二次审议稿）,fg_lvshangsite,法律,全国人大常委会,全国,全国
dd9e188c9293388fda980fa91eb51f16,徐州市水上交通安全管理条例（草案）,fg_crawl_wkinfo,地方法规/文件,徐州市人民政府,徐州市,江苏省
d150e917d1310c82fd843931c207f929,国务院法制办公室关于公布《农药管理条例（征求意见稿）》公开征求意见的通知,fg_lvshangsite,行政法规,国务院法制办公室,全国,全国
3220e9010e6bf56597bddb74a4e0905b,国务院法制办公室关于《规划环境影响评价条例［征求意见稿］》公开征求意见的通知,fg_lvshangsite,行政法规,国务院法制办公室,全国,全国
45a0145af17eeb2c389d5385cf37c958,《中华人民共和国劳动合同法（草案）》（征求意见稿）,fg_lvshangsite,法律,全国人大常委会,全国,全国
119a5fe2d188c9f969191d33011e4889,广东省工资支付条例修正案（草案修改稿征求意见稿）,fg_crawl_wkinfo,地方法规/文件,广东省人大及其常委会,广东省级法规,广东省
4ca7da1231f646bfe88db5f46d2b4649,文物行政处罚程序规定（征求意见稿）,fg_crawl_wkinfo,地方法规/文件,广东省文化厅,广东省级法规,广东省
5cc1f01d1ed8e429e13750e740f361ba,中华人民共和国广告法（修订草案）（二次审议稿）,fg_lvshangsite,法律,全国人大常委会,全国,全国
a9290ad22b22edd20e792ea1cd263837,铁路车站等级核定办法（草案）,fg_crawl_faxin,部门规章/文件,铁道部,全国,全国
2de305387478f7de2b031c4cdfc9ccb9,国务院法制办公室关于《中华人民共和国军事设施保护法修正案（征求意见稿）》公开征求意见的通知,fg_lvshangsite,行政法规,国务院法制办公室,全国,全国
10a0c5f6a011be131495cf0c93a97966,广东省专业技术人员继续教育条例（修订草案修改稿）,fg_crawl_wkinfo,地方法规/文件,广东省人大及其常委会,广东省级法规,广东省
a9c6a22cdfa55d2c4ec42fdbaa231fe8,关于公开征求《〈广州市商品房买卖合同〉示范文本（征求意见稿）》意见的公告,fg_lvshangsite,地方法规/文件,广州市国土资源和房屋管理局,广州市,广东省
afdf56978672d925a11d81e72084b44,《广东省农村集体资产管理条例（修订草案）》向社会各界公开征求意见,fg_lvshangsite,地方法规/文件,广东省人大及其常委会,广东省级法规,广东省
1434a3b06573638348fc92ef16dee6f7,关于转发《湖南省人力资源和社会保障厅、湖南省财政厅、湖南省扶贫开发办公室〈关于做好贫困人口医疗保险工作的通知〉》的通知（征求意见稿）,fg_crawl_wkinfo,地方法规/文件,长沙市人力资源和社会保障局,长沙市,湖南省
fece1e081a6c734dd08b5279653722ae,国务院法制办公室关于公布《中华人民共和国海关事务担保条例（征求意见稿）》公开征求意见的通知,fg_lvshangsite,行政法规,国务院法制办公室,全国,全国
168372601afca5f61660d90b61bb0618,关于《广东省城乡居民社会养老保险实施办法》征求意见稿,fg_crawl_wkinfo,地方法规/文件,广东省人力资源和社会保障厅,广东省级法规,广东省
c617174a609179e8503be90aeb61aab2,国务院法制办公室关于公布《缺陷产品召回管理条例（送审稿）》公开征求意见的通知,fg_lvshangsite,行政法规,国务院法制办公室,全国,全国
9015e4e42d356fcc6f4960445f077293,最高人民法院关于审理建筑物区分所有权纠纷案件具体应用法律若干问题的解释（征求意见稿）,fg_lvshangsite,司法解释/文件,最高人民法院,全国,全国
daf7222cb96672db31eb57462e8005b9,广东省展会专利保护办法（征求意见稿）,fg_crawl_wkinfo,地方法规/文件,广东省人民政府法制办公室,广东省级法规,广东省
617f1d38fc3b11b6f98bf42957a5c6cf,广东省实施《中华人民共和国海洋环境保护法》办法（草案修改稿）,fg_crawl_wkinfo,地方法规/文件,广东省人大及其常委会,广东省级法规,广东省
3419ba826fd92cdcfb17df1d62fb1198,广州市市属行政单位常用公用设施配置标准（征求意见稿）,fg_crawl_wkinfo,地方法规/文件,广州市财政局,广州市,广东省
48db2b149355ac99e54076b3c39ed778,《北京市电话通信入网服务合同》示范文本公开征集意见,fg_lvshangsite,地方法规/文件,"北京市工商行政管理局,北京市通信管理局",直辖市级法规,北京市
812d184fa59b8bdad17401a9f0d9346e,国务院法制办公室关于《全国社会保障基金条例（征求意见稿）》公开征求意见的通知,fg_lvshangsite,行政法规,国务院法制办公室,全国,全国
2b9854d9b3203332a6c76691adcb3993,国务院法制办公室关于《残疾人教育条例（修订草案）（送审稿）》公开征求意见的通知,fg_lvshangsite,行政法规,国务院法制办公室,全国,全国
2e3ea5834ca43dd07f81593f1cb591be,广东省城镇住房保障办法（送审稿）,fg_crawl_wkinfo,地方法规/文件,广东省人民政府法制办公室,广东省级法规,广东省
9582b979c5c45d34f7d12ec99dfb48de,中华人民共和国反不正当竞争法（修订草案）（二次审议稿）,fg_struct_input,法律,全国人大常委会,全国,全国
9d78fb7bb01eae4f1ca1006735ea5d04,中国网球协会少儿网球发展联盟积分赛管理办法（征求意见稿）,fg_crawl_faxin,团体规定,中国网球协会,全国,全国
152a68601382a5d01c24dee4815d9653,广东省人力资源和社会保障厅关于进一步做好我省建筑业工伤保险工作的实施意见（征求意见稿）,fg_crawl_wkinfo,地方法规/文件,广东省人力资源和社会保障厅,广东省级法规,广东省
1b8cd42e2991c8b0e427665b5bfd2549,中华人民共和国电子商务法（草案）（二次审议稿）,fg_struct_input,法律,全国人大常委会,全国,全国
97a3f94edefab2efee899c36ec984fd2,国务院法制办公室关于《国务院关于修改〈出版管理条例〉的决定（送审稿）》公开征求意见的通知,fg_lvshangsite,行政法规,国务院法制办公室,全国,全国
1b7858b34d1ab4767a480e56c61a798c,关于《吉林省合同格式条款监督办法》网上公开征求意见的公告,fg_lvshangsite,地方法规/文件,吉林省人民政府法制办公室,吉林省级法规,吉林省
fab12be3b5298d8a8662272b79e8b907,示范繁殖农场工作暂行条例（草案）,fg_crawl_faxin,部门规章/文件,"农业部,财政部,粮食部",全国,全国
419c0a3eea1084c1bf28f81d5964b0d0,国务院法制办公室关于公布《电力安全事故应急救援和调查处理条例（征求意见稿）》公开征求意见的通知,fg_lvshangsite,行政法规,国务院法制办公室,全国,全国
fa3e43b66dbe63a0d61011edb024791e,国务院法制办公室关于公布《社会抚养费征收管理条例（送审稿）》公开征求意见的通知,fg_lvshangsite,行政法规,国务院法制办公室,全国,全国
43cbe4a4dbdc176c06b2e6a84c145eda,中华人民共和国安全生产法修正案（草案）,fg_lvshangsite,法律,全国人民代表大会,全国,全国
c711cbc8350b8e8e3d204cd79459889a,上海市发展公共租赁住房的实施意见（征求意见稿）,fg_crawl_wkinfo,地方法规/文件,上海市住房保障和房屋管理局,直辖市级法规,上海市
8b12640ba770e4dcfa9042d31673a74f,《税收执法责任管理与过错追究办法（征求意见稿）》征求意见,fg_ds_input,部门规章/文件,国家税务总局,全国,全国
1919ae1f6ec6850f131918d55b86acf5,国务院法制办公室关于《中华人民共和国电影产业促进法（征求意见稿）》公开征求意见的说明,fg_lvshangsite,行政法规,国务院法制办公室,全国,全国
807cf76f2b6a9364bc7ccf255e50ce51,全国人大常委会办公厅关于公布《中华人民共和国物权法（草案）》征求意见的通知,fg_lvshangsite,法律,全国人大常委会,全国,全国
cae351fa2730888a52698b10d84d0d5d,广东省化妆品安全条例（征求意见稿）,fg_crawl_wkinfo,地方法规/文件,广东省人民政府法制办公室,广东省级法规,广东省
e517a7ad074c228578c0e904c4df6109,国务院法制办公室关于《国务院关于修改〈城市民族工作条例〉的决定（征求意见稿）》公开征求意见的通知,fg_lvshangsite,行政法规,国务院法制办公室,全国,全国
a799e92acd183e09f5bc0145826dcfb7,北京市旅游条例（草案修改稿）,fg_crawl_wkinfo,地方法规/文件,北京市人大及其常委会,直辖市级法规,北京市
5d87d3865614fe14c83fbb7d11e1ab4e,中华人民共和国深海海底区域资源勘探开发法（草案）,fg_lvshangsite,法律,全国人大常委会,全国,全国
cdaf30fafff920f5c896af4b9c6b2a61,《关于在上海设立金融法院的决定（草案）》的说明,fg_ds_input,法律,全国人大常委会,全国,全国
324a8c50caac2ad25c6891c16eef18ca,关于《劳务派遣若干规定（征求意见稿）》公开征求意见的通知,fg_ds_input,部门规章/文件,人力资源社会保障部,全国,全国
cd457fd3a9a8446654df55ed081c9b1f,广东省实施《中华人民共和国民办教育促进法》办法（草案修改二稿）,fg_crawl_wkinfo,地方法规/文件,广东省人大及其常委会,广东省级法规,广东省
618785734b61b5dfd8247003c27de0cf,东莞市地方税务局关于公布部分条款废止和全文废止或失效的税费规范性文件目录（征求意见稿）的公告,fg_crawl_wkinfo,地方法规/文件,东莞市地方税务局,东莞市,广东省
90f0b1fffbda35105be44e050447e4d3,国务院法制办公室关于《中华人民共和国海关稽查条例（修订征求意见稿）》公开征求意见的通知,fg_lvshangsite,行政法规,国务院法制办公室,全国,全国
622d2916537abd03b0ecd351073d59c7,北京市专利保护和促进条例（修订草案）,fg_crawl_wkinfo,地方法规/文件,北京市人大及其常委会,直辖市级法规,北京市
5db60b9543a180f2494e75fd2fb81d91,国土资源部关于《不动产登记暂行条例实施细则（草案征求意见稿）》公开征求意见的通知,fg_lvshangsite,部门规章/文件,国土资源部,全国,全国
b0c2a7e852c4b0bb559c8c42ebb9cf38,关于征求《长沙市工伤保险待遇核定支付办法》（征求意见稿）意见的通知,fg_crawl_wkinfo,地方法规/文件,长沙市人力资源和社会保障局,长沙市,湖南省
7a13bbd1d1e6582bbac00fdc761282a4,江苏省医疗纠纷处理条例（送审稿）,fg_crawl_wkinfo,地方法规/文件,江苏省人民政府法制办公室,江苏省级法规,江苏省
b901478f7ad008d0c639abac1a28b5fb,广东省实施《中华人民共和国政府采购法》办法（草案修改二稿）,fg_crawl_wkinfo,地方法规/文件,广东省人大及其常委会,广东省级法规,广东省
c4a7e27ca8cc1e0f43a160377f2ded4e,国务院法制办公室就《国务院关于经营者集中申报的规定［征求意见稿］》公开征求意见的通知,fg_lvshangsite,行政法规,国务院法制办公室,全国,全国
646de6c2db5aad74d468d823761206e8,深圳市人民政府关于修改《深圳经济特区审计监督条例》等特区法规的决定（征求意见稿）,fg_crawl_wkinfo,地方法规/文件,深圳市人民政府,深圳市,广东省
7460581ecf78d7b34fb874cffe3b770e,台湾投资者经第三地转投资认定暂行办法（征求意见稿）,fg_crawl_wkinfo,部门规章/文件,商务部,全国,全国
2f0e39a8cb0fb6e6abafa2aa74c62a0c,国务院法制办公室就《征信管理条例（征求意见稿）》公开征求意见的通知,fg_lvshangsite,行政法规,国务院法制办公室,全国,全国
e2bff5856eb04fcd994cc235075f1aa7,中华人民共和国涉外民事关系法律适用法（草案）（二次审议稿）及主要问题的汇报,fg_lvshangsite,法律,全国人民代表大会,全国,全国
5e22d774bbdac8016f8291a99e5fc719,国务院法制办公室关于《中华人民共和国国防交通法（征求意见稿）》公开征求意见的通知,fg_lvshangsite,行政法规,国务院法制办公室,全国,全国
e6ee59564b18bb8ee4b7d91d96e1a2d9,辽宁省实施《中华人民共和国农民专业合作社法》办法（草案）,fg_crawl_wkinfo,地方法规/文件,辽宁省人大及其常委会,辽宁省级法规,辽宁省
4fb0f80385809b6d9220dbd561afcba,中华人民共和国境外非政府组织管理法（草案）（二次审议稿）,fg_lvshangsite,法律,全国人大常委会,全国,全国
cbb3975624a6808a2c444c9016cf07a7,国务院法制办公室关于《存款保险条例（征求意见稿）》公开征求意见的通知,fg_lvshangsite,行政法规,国务院法制办公室,全国,全国
f852eb96ed6ac20cd53ab02d45ce80d4,展会知识产权保护办法（征求意见稿）,fg_crawl_wkinfo,部门规章/文件,商务部,全国,全国
7990565ebc96a1ce97b1c2b9ebb1b3be,国务院法制办公室关于公布《公共场所卫生管理条例（修订草案）（征求意见稿）》公开征求意见的通知,fg_lvshangsite,行政法规,国务院法制办公室,全国,全国
bdcb431135356bb99e12798f52a7ce05,中华人民共和国企业破产法（草案）,fg_crawl_wkinfo,法律,全国人民代表大会,全国,全国
192b5ed853102523bd485364f6d3ffd0,广东省行政审批管理监督条例（送审稿）,fg_crawl_wkinfo,地方法规/文件,广东省人民政府法制办公室,广东省级法规,广东省
fa4b48499e04f24ae54dfdc1798ee754,北京市高级人民法院、北京市劳动人事争议仲裁委员会关于劳动争议案件若干疑难问题的解答意见（征求意见稿）,fg_crawl_faxin,地方司法文件,"北京市高级人民法院,北京市劳动争议仲裁委员会",直辖市级法规,北京市
2c8e9de0540de9a3462b48058dc4a696,广东省社会力量参与救灾促进条例（草案修改稿征求意见稿）,fg_crawl_wkinfo,地方法规/文件,广东省人大及其常委会,广东省级法规,广东省
dbc1de60723f4acb92af2bedc953eaa8,广东省住房和城乡建设厅关于征求广东省标准《建筑地基基础施工规范》（征求意见稿）的通知,fg_crawl_wkinfo,地方法规/文件,广东省住房和城乡建设厅,广东省级法规,广东省
cc21f8ddb94549ea64ffd808810e711c,中华人民共和国劳动保险条例实施细则修正草案,fg_crawl_pkulaw,行政法规,劳动和社会保障部,全国,全国
653e7c011158a2039e6800ffc49ecfeb,最高人民法院关于变更和追加执行当事人的若干规定（征求意见稿）,fg_ds_input,司法解释/文件,最高人民法院,全国,全国
47df6e4c9cb6824ee25e7bf8e8faab23,中华人民共和国就业促进法［草案］,fg_lvshangsite,法律,全国人大常委会,全国,全国
f7e28d70c1216e5b0e4b15d2548b516,关于《广东省城镇住房保障办法》的征求意见稿,fg_crawl_wkinfo,地方法规/文件,广东省人民政府法制办公室,广东省级法规,广东省
782ec6dc981b62e247c5d3edcf27ed2b,国务院法制办公室关于《职务发明条例草案（送审稿）》公开征求意见通知,fg_lvshangsite,行政法规,国务院法制办公室,全国,全国
fc39ed0b26f07a11e632fe214a3ecd08,关于《外商投资产业指导目录（修订征求意见稿）》公开征求意见的通知,fg_lvshangsite,行政法规,国务院法制办公室,全国,全国
d032235addf7e822f11bfccd23bec104,《电子合同在线订立流程规范》（征求意见稿）公开征求意见,fg_lvshangsite,部门规章/文件,商务部,全国,全国
c02d9b99df462224a872aad7b23e2005,国务院法制办公室关于公布《公共场所控制吸烟条例（送审稿）》公开征求意见的通知,fg_lvshangsite,行政法规,国务院法制办公室,全国,全国
30dbf064a4f6345897686fd0e1fcac62,汕尾市就业困难人员认定管理办法（征求意见稿）,fg_crawl_wkinfo,地方法规/文件,汕尾市人力资源和社会保障局,汕尾市,广东省
787bdefec0616d28ec48df5d15eb3734,国务院法制办公室关于公布《未成年人网络保护条例（送审稿）》公开征求意见的通知,fg_lvshangsite,行政法规,国务院法制办公室,全国,全国
7a66bc0eb46d3f557ca6e709240224a2,连城县人民政府关于修改连城县中小企业信用担保中心管理办法有关条款公开征求意见的通告,fg_lvshangsite,地方法规/文件,福建省龙岩市连城县人民政府,龙岩市,福建省
d11a0932008f16f42696e18f223cb0cb,国务院法制办公室关于公布《中华人民共和国著作权法（修订草案送审稿）》公开征求意见的通知,fg_lvshangsite,行政法规,国务院法制办公室,全国,全国
c846d2bcfb8a70a81ae207100c0481db,长沙市城市建设档案管理条例（草案）,fg_crawl_wkinfo,地方法规/文件,长沙市建设委员会,长沙市,湖南省
3385dcef4b758c37d0850a977cb00492,关于《中华人民共和国英雄烈士保护法（草案）》的说明,fg_ds_input,法律,全国人大常委会,全国,全国
7b76c29339ef361793fabcd48ce39da5,海洋科技情报工作暂行规定（试行草案）,fg_crawl_faxin,部门规章/文件,国家海洋局,全国,全国
797874ae3a869ad9ea1387b5af044437,全国人民代表大会宪法和法律委员会关于《〈中华人民共和国森林法〉等7部法律的修正案（草案）》审议结果的报告,fg_ds_input,法律,全国人民代表大会,全国,全国
e58b5f144bbfff2f57ad5a711d3bca88,国务院法制办公室关于公布《化妆品监督管理条例（修订草案送审稿）》公开征求意见的通知,fg_lvshangsite,行政法规,国务院法制办公室,全国,全国
9224d230e8340bca69f3c542dd3d3e8b,关于《旅行社条例（征求意见稿）》上网征求意见的通知,fg_lvshangsite,行政法规,国务院法制办公室,全国,全国
b9b0730265a7570a135cc32923ff2b0d,国务院法制办公室关于《中华人民共和国海洋石油勘探开发环境保护管理条例（修订草案征求意见稿）》公开征求意见的通知,fg_lvshangsite,行政法规,国务院法制办公室,全国,全国
169fb513ded449015ae3c6ff16a9d254,国务院法制办公室就《城市商业网点条例（征求意见稿）》公开征求意见的通知,fg_lvshangsite,行政法规,国务院法制办公室,全国,全国
34c76dfe12f0692f5afaebe89d9d29d9,广东省粮食安全保障条例（草案修改稿）,fg_crawl_wkinfo,地方法规/文件,广东省人大及其常委会,广东省级法规,广东省
2a236950d0892a6ab13648e630cc8975,海南省国家税务局关于在部分行业试行农产品增值税进项税额核定扣除的公告（征求意见稿）,fg_crawl_wkinfo,地方法规/文件,海南省国家税务局,海南省级法规,海南省
ec6ae862b3fcd750f3bf4483da7e833b,东莞市侨务局、东莞市公安局关于华侨回国定居办理工作的实施细则（试行）（征求意见稿）,fg_crawl_wkinfo,地方法规/文件,"东莞市侨务局,东莞市公安局",东莞市,广东省
7a4f35ad4f3b6c9521fde5d9723863fb,国务院法制办公室关于《中华人民共和国社会救助法（征求意见稿）》公开征求意见的通知,fg_lvshangsite,行政法规,国务院法制办公室,全国,全国
4370e4b310b1e7c362ea7701784212d9,国务院法制办关于《中华人民共和国航道法（草案）（征求意见稿）》公开征求意见的通知,fg_lvshangsite,行政法规,国务院法制办公室,全国,全国
38a263fef02aa50d1dc0c4001aad0915,中华人民共和国工商统一税细则（草案）,fg_lvshangsite,行政法规,国务院,全国,全国
d43673d2ca27f821bd0cc086d9478232,北京市机动车停车管理办法（征求意见稿）,fg_crawl_wkinfo,地方法规/文件,北京市人民政府法制办公室,直辖市级法规,北京市
1774967ad21b85541092114db0338060,最高人民法院 关于审理银行卡民事纠纷案件若干问题的规定 （征求意见稿）,fg_ds_input,司法解释/文件,最高人民法院,,全国
9acab5943763c9a33df8fb9ada9b540e,国务院法制办公室关于公布《报废机动车回收拆解管理条例（征求意见稿）》公开征求意见的通知,fg_lvshangsite,行政法规,国务院法制办公室,全国,全国
6056714f2d244dc87adec84c97d8e444,新闻出版行业标准化管理办法　（修订征求意见稿）,fg_crawl_wkinfo,部门规章/文件,新闻出版总署,全国,全国
7ff3f545a6af01fb707f89c0ab9c9645,国务院法制办公室关于公布《中华人民共和国食品安全法实施条例（草案）》公开征求意见的通知,fg_lvshangsite,行政法规,国务院法制办公室,全国,全国
b0796d8765b7665ef869de68d809acba,国务院法制办公室关于《中华人民共和国船舶吨税暂行条例（征求意见稿）》公开征求意见的通知,fg_lvshangsite,行政法规,国务院法制办公室,全国,全国
1572eae3f427a6e776bee6c5b4e4981a,北京市政府信息公开规定（草案送审稿）,fg_crawl_wkinfo,地方法规/文件,北京市人民政府法制办公室,直辖市级法规,北京市
c7f44affa106919dda2e2e65668fcfdf,国务院法制办公室关于公布《中华人民共和国反不正当竞争法（修订草案送审稿）》公开征求意见的通知,fg_lvshangsite,行政法规,国务院法制办公室,全国,全国
a1ddb554c20201ca4d6fceca4fd2eb00,国务院法制办公室关于公布《长江三峡水利枢纽安全保卫条例（征求意见稿）》公开征求意见的通知,fg_lvshangsite,行政法规,国务院法制办公室,全国,全国
5290898e613a4f837a7637cda846a3aa,湖南省饮用水水源保护条例（草案代拟稿）,fg_crawl_wkinfo,地方法规/文件,湖南省水利厅,湖南省级法规,湖南省
7ae9a24d785ddba352f08770cba71c1c,深圳经济特区环境保护条例（修订征求意见稿）,fg_crawl_wkinfo,地方法规/文件,深圳市人民政府法制办公室,深圳市,广东省
3c6d1254ce3661504963c08bfe45e77b,江苏省体育设施向社会开放管理办法（草案）（征求意见稿）,fg_crawl_wkinfo,地方法规/文件,江苏省人民政府法制办公室,江苏省级法规,江苏省
49d73486dc779c317fd2990ff3fe01a1,最高人民法院关于审理独立保函纠纷案件若干问题的规定（征求意见稿）,fg_lvshangsite,司法解释/文件,最高人民法院,全国,全国
2a2a69073403233d6cb5577c5b6db9e7,国务院法制办公室关于公布修改《中华人民共和国职业病防治法》诊断鉴定制度条文（草案）公开征求意见的通知,fg_lvshangsite,行政法规,国务院法制办公室,全国,全国
303b7bda906e4992010038d7445fe35,国务院法制办公室关于公布《土地复垦条例（征求意见稿）》公开征求意见的通知,fg_lvshangsite,行政法规,国务院法制办公室,全国,全国
81b7430eaf6a5fd0e3cdb34a4a643a37,中华人民共和国农村土地承包法修正案（草案）,fg_struct_input,法律,全国人大常委会,全国,全国
11224131f054d54db9b2b89bea93936d,中华人民共和国国防动员法（草案）,fg_lvshangsite,法律,全国人民代表大会,全国,全国
15290a7469b9bbe76655a7910b504cb9,农村合作医疗章程（试行草案）,fg_crawl_faxin,部门规章/文件,卫生部,全国,全国
610b4390604ca7ca280db0bf72a5bc16,中华人民共和国增值税条例（草案）,fg_lvshangsite,行政法规,国务院,全国,全国
51cf24322ac63a41d93114d62a2c2ed5,国务院法制办公室关于公布《古生物化石保护条例（征求意见稿）》公开征求意见的通知,fg_lvshangsite,行政法规,国务院法制办公室,全国,全国
d0b922069c8fae1af2c332d71e690c3f,关于征求《国有企业法律顾问实施细则》修改意见的通知,fg_lvshangsite,地方法规/文件,湖南省人民政府国有资产监督管理委员会,湖南省级法规,湖南省
e42bd306ec93ddc78cdc0692367beca9,中华人民共和国反家庭暴力法（草案）,fg_lvshangsite,法律,全国人大常委会,全国,全国
5e2abc03ce2e9d19793a10aee2efb42c,国务院法制办公室关于公布《中华人民共和国食品安全法实施条例（修订草案送审稿）》公开征求意见的通知,fg_lvshangsite,行政法规,国务院法制办公室,全国,全国
893dc16473075a5d2b302d1dd5407ae2,广东省高等学校学生实习与毕业生就业见习条例（草案修改稿）,fg_crawl_wkinfo,地方法规/文件,广东省人大及其常委会,广东省级法规,广东省
c35842010e87c201f2d22cd4113a5557,外国投资者对上市公司战略投资管理办法（征求意见稿）,fg_crawl_wkinfo,部门规章/文件,商务部,全国,全国
841e96a14762c7790d0f8d3baa740b0,中华人民共和国刑法修正案（八）（草案）及草案说明,fg_lvshangsite,法律,全国人民代表大会,全国,全国
8572b750036da7359330d34d92e0e0af,河南省人大常委会关于批准《郑州市大气污染防治条例》的决议（草案）,fg_crawl_faxin,地方法规/文件,河南省人大及其常委会,河南省级法规,河南省
ab3f7c585e26cb8979f1504e6b743bb2,妇幼卫生工作条例（试行草案）,fg_crawl_faxin,部门规章/文件,卫生部,全国,全国
e8d4c0fc22152652f43c023b5bdde06f,国务院法制办公室关于公布《对外劳务合作管理条例（征求意见稿）》公开征求意见的通知,fg_lvshangsite,行政法规,国务院法制办公室,全国,全国
d15aa5142dda69e36fc069d9d16bda03,深圳市民用机场净空保护管理办法（草案送审稿）,fg_crawl_wkinfo,地方法规/文件,深圳市人民政府法制办公室,深圳市,广东省
9430e67c4cebd8f1d19597a85135c4fd,广东省实施《中华人民共和国海洋环境保护法》办法（草案修改二稿）,fg_crawl_wkinfo,地方法规/文件,广东省人大及其常委会,广东省级法规,广东省
d61234c94468ca8fc6620c1f17655328,中华人民共和国国营企业所得税条例（草案）,fg_lvshangsite,行政法规,国务院,全国,全国
b0dfba2690f2c04ac1630dcef08c9b43,中华人民共和国反恐怖主义法（草案）,fg_lvshangsite,法律,全国人大常委会,全国,全国
e4d6509bc51f7a42eafb31c3c69420f9,关于《中华人民共和国统计法实施条例（征求意见稿）》公开征求意见的通知,fg_lvshangsite,行政法规,国务院法制办公室,全国,全国
a07b45e84b035c7fcf6eea071acc941e,关于公开征求《广东省律师服务收费管理办法（征求意见稿）》意见的公告,fg_ds_input,地方法规/文件,广东省司法厅,广东省级法规,广东省
f1f320b00245fc603df20cd8ac9716d2,《江苏省司法鉴定管理条例（草案）》（送审稿）,fg_crawl_wkinfo,地方法规/文件,江苏省人民政府法制办公室,江苏省级法规,江苏省
f304e9bd61eee19acd115b7547e1d563,中华人民共和国红十字会法（修订草案）,fg_lvshangsite,法律,全国人大常委会,全国,全国
f0512de09bd42a4ecd8c7f59623b000e,全国人民代表大会常务委员会关于公布《中华人民共和国防震减灾法（修订草案）》征求意见的通知,fg_lvshangsite,法律,全国人大常委会,全国,全国
cb1e455445b685618975add8ca332d38,关于《关于调整中央国家机关住宅专项维修资金使用管理方式的通知》征求意见的通知,fg_lvshangsite,行政法规,国务院机关事务管理局,全国,全国
1ed008ed577721e025cf7aa9ce311bb,云浮市劳务派遣商事改革后续监管实施办法（征求意见稿）,fg_crawl_wkinfo,地方法规/文件,云浮市人力资源和社会保障局,云浮市,广东省
10e0e4287a9b6ea894a4a3f00b377c3a,中华人民共和国民法总则（草案）（二次审议稿）征求意见,fg_lvshangsite,法律,全国人大常委会,全国,全国
5ee88088b4a01bcb63da2eb77225b4f2,中国科学技术咨询服务中心暂行章程（草案）,fg_crawl_faxin,团体规定,中国科学技术协会,全国,全国
84e217d2083b54a8e9ed60186006bdaa,中华人民共和国水污染防治法修正案（草案）征求意见,fg_lvshangsite,法律,全国人大常委会,全国,全国
753d3a3066150d335e9649e03a67bdef,关于公开征求对《浙江省企业国有资产监督管理办法》意见的公告,fg_lvshangsite,地方法规/文件,浙江省人民政府国有资产监督管理委员会,浙江省级法规,浙江省
b968fec13941e1ae4775440ca05a0ccd,关于对《交通运输应急管理规定（征求意见稿）》公开征求意见的通知,fg_lvshangsite,行政法规,国务院法制办公室,全国,全国
a732b7f4fac6ed3ee6a91367bc79b031,珠海市老旧小区更新实施办法（试行）（公开征求意见稿）,fg_crawl_wkinfo,地方法规/文件,珠海市住房和城乡规划建设局,珠海市,广东省
6a6e1bb72ac19f4a9448989bf3a96f60,辽宁省实施《中华人民共和国城乡规划法》办法（草案）,fg_crawl_wkinfo,地方法规/文件,辽宁省人大及其常委会,辽宁省级法规,辽宁省
1c214d6955a1a903b25464e572322e87,国务院关于发展社队企业若干问题的规定（试行草案）,fg_crawl_pkulaw,行政法规,国务院,全国,全国
a1dc73f602a1f087def4711965c3d937,中华人民共和国人民法院组织法（修订草案）,fg_struct_input,法律,全国人大常委会,全国,全国
68146d0187ad39823868dab71b372381,国务院法制办公室关于《楼堂馆所建设管理条例（征求意见稿）》公开征求意见的通知,fg_lvshangsite,行政法规,国务院法制办公室,全国,全国
bcb419b5cd9db53f0ff3b1d97cdff558,广东省粮食安全保障条例（草案）,fg_crawl_wkinfo,地方法规/文件,广东省人大及其常委会,广东省级法规,广东省
6876e5126286e182ac8e631d4dfe48ab,关于公开征求对《关于加强施工合同履约、减少合同纠纷的相关措施（征求意见稿）》的通知,fg_lvshangsite,地方法规/文件,东莞市建设局,东莞市,广东省
6a26f0ef9a73197ee65c9023c214a9d,国务院法制办公室关于《中华人民共和国民用机场管理条例（征求意见稿）》征求意见的通知,fg_lvshangsite,行政法规,国务院法制办公室,全国,全国
85d6d0d91932ae08f31f321aebb97721,中华人民共和国工商统一税条例（草案）,fg_crawl_pkulaw,行政法规,国务院,全国,全国
b8fa1d0c4908cda20409ccbf7e78c18f,国务院法制办关于《国务院关于修改〈工伤保险条例〉的决定（征求意见稿）》公开征求意见的通知,fg_lvshangsite,行政法规,国务院法制办公室,全国,全国
22f200eef2b892f695e25b2ea4835536,国务院法制办公室关于《中华人民共和国缔结条约程序法实施条例（征求意见稿）》公开征求意见的通知,fg_lvshangsite,行政法规,国务院法制办公室,全国,全国
23363cc5afb49d162ae1f78b1e830148,江苏省消费者权益保护条例（草案）（第一次征求意见稿）,fg_crawl_wkinfo,地方法规/文件,江苏省人民政府法制办公室,江苏省级法规,江苏省
f1a7683d8b9d2b45737e8e3ec5802058,中华人民共和国海关加工贸易单耗管理办法（修订征求意见稿）,fg_crawl_wkinfo,部门规章/文件,海关总署,全国,全国
bac73f0d15d2b60d9eda0b422b9ca8d2,广东省企业退休人员最低养老金办法［征求意见稿］,fg_crawl_wkinfo,地方法规/文件,广东省人力资源和社会保障厅,广东省级法规,广东省
ea07865533957489d835d29c594537b8,中华人民共和国野生动物保护法（修订草案）（二次审议稿）,fg_lvshangsite,法律,全国人大常委会,全国,全国
d33dae113db2f58a2148a4ab149c4edd,国务院法制办公室关于《中华人民共和国商标法（修订草案征求意见稿）》公开征求意见通知,fg_lvshangsite,行政法规,国务院法制办公室,全国,全国
b8d294d51964ce58ee610e0455830312,国务院法制办公室关于公布《事业单位人事管理条例（征求意见稿）》公开征求意见的通知,fg_lvshangsite,行政法规,国务院法制办公室,全国,全国
a4e965164c2fb408aef5456e5cb78239,江苏省职工生育保险规定（送审稿）,fg_crawl_wkinfo,地方法规/文件,江苏省人力资源和社会保障厅,江苏省级法规,江苏省
22944131ef497dfe355eb2e48ebf2d6b,国营农场工作条例（试行草案）,fg_crawl_faxin,部门规章/文件,农垦部,全国,全国
4e66b09a7bc7ef589def00881aa4a0eb,中华人民共和国民法总则（草案）（三次审议稿）征求意见,fg_lvshangsite,法律,全国人大常委会,全国,全国
65a704cd63705db27fdf605ba5153efa,国务院法制办公室关于《校车安全条例（草案征求意见稿）》公开征求意见的通知,fg_lvshangsite,行政法规,国务院法制办公室,全国,全国
81d564a54097ab4356101e39230918ce,广东省公共资源交易电子文件管理暂行办法（征求意见稿）,fg_crawl_wkinfo,地方法规/文件,广东省发展和改革委员会,广东省级法规,广东省
1e189aaa1e3f52c390ce7582bcf45b51,国务院法制办公室关于公布《住房公积金管理条例（修订送审稿）》公开征求意见的通知,fg_lvshangsite,行政法规,国务院法制办公室,全国,全国
f2d21b2758ff2e38af45bf4b143117a3,车船税法（草案）条文及草案说明,fg_lvshangsite,法律,全国人大常委会,全国,全国
d48c58b39233996e6e553094b4a2fa06,国务院法制办公室关于公布《燃气管理条例（征求意见稿）》公开征求意见的通知,fg_lvshangsite,行政法规,国务院法制办公室,全国,全国
d905c895ebea2e1693df64b690e46496,广东省实施《中华人民共和国残疾人保障法》办法（修订草案）,fg_crawl_wkinfo,地方法规/文件,广东省人大及其常委会,广东省级法规,广东省
72231c6bfb84862b02dee81cde50c56,中华人民共和国工商统一税条例施行细则（草案）,fg_crawl_faxin,部门规章/文件,财政部,全国,全国
eee6f909732d20b572780210fcb8dffd,国家建材局关于石棉制品企业成本管理规程（试行草案）,fg_crawl_faxin,部门规章/文件,国家建筑材料工业局,全国,全国
1b095a0a251b3e64af04a6a77f06a81c,广东省实施《中华人民共和国突发事件应对法》办法（草案）,fg_crawl_wkinfo,地方法规/文件,广东省人大及其常委会,广东省级法规,广东省
3c88e76ccf40ebe3b98d777845d5a1bd,关于征求《山西省零售业单用途商业预付卡服务交易合同（试行）》等示范文本意见的公告,fg_lvshangsite,地方法规/文件,"山西省工商行政管理局,山西省商务厅",山西省级法规,山西省
8b913b3a67319d8fe3dbb331b5513068,国务院法制办公室关于《铁路交通事故应急救援和调查处理条例修正案（送审稿）》公开征求意见的通知,fg_lvshangsite,行政法规,国务院法制办公室,全国,全国
9f60afdd5c921b915d8f922284cf29da,国务院法制办关于《铁路安全条例（征求意见稿）》公开征求意见的通知,fg_lvshangsite,行政法规,国务院法制办公室,全国,全国
50d54f36b43af8eee9d0e11251a5427,广东省人力资源和社会保障厅、广东省财政厅关于进一步完善工伤保险有关待遇调整机制的通知（征求意见稿）,fg_crawl_wkinfo,地方法规/文件,广东省人力资源和社会保障厅,广东省级法规,广东省
be2afb49acc59ccdcba383247558da3,国务院法制办公室关于《国内水路运输条例（征求意见稿）》公开征求意见的通知,fg_lvshangsite,行政法规,国务院法制办公室,全国,全国
3bec0500c15e290f15c488ded66629f,新闻出版统计管理办法（修订征求意见稿）,fg_crawl_wkinfo,部门规章/文件,国家新闻出版广电总局,全国,全国
a7096d2a443996060d1cd9946bdc423d,中华人民共和国广告法（修订草案）,fg_lvshangsite,法律,全国人大常委会,全国,全国
952ec682342da280d87b427538e58dc8,中华人民共和国行政诉讼法修正案（草案）（二次审议稿）,fg_lvshangsite,法律,全国人大常委会,全国,全国
205162fdfa66190ab4580f83f57b9a7e,宿迁市工程建设领域工资支付管理办法（征求意见稿）,fg_crawl_wkinfo,地方法规/文件,宿迁市人力资源和社会保障局,宿迁市,江苏省
a21ce56e085b3b7beed6f5ee93ba6f5b,国务院法制办公室关于公布《生猪屠宰管理条例（修订草案征求意见稿）》公开征求意见的通知,fg_lvshangsite,行政法规,国务院法制办公室,全国,全国
80e7197f2bc44362d4c5d0f1f5818fe3,对《中华人民共和国民法典·民法总则专家建议稿（征求意见稿）》公开征求意见的通知,fg_lvshangsite,,中国法学会,全国,全国
9ee5f5a017ed58ae9c96b7212e05af8a,广东省实施《中华人民共和国残疾人保障法》办法（修订草案送审稿）,fg_crawl_wkinfo,地方法规/文件,广东省人民政府法制办公室,广东省级法规,广东省
6911f26f1cf26f1510bfafb2bd6a7762,徐州市市容和环境卫生管理条例（草案）,fg_crawl_wkinfo,地方法规/文件,徐州市人民政府,徐州市,江苏省
9fd9166bc71d53c2667f4b7f2f4d093a,食品召回管理规定（征求意见稿）,fg_crawl_wkinfo,地方法规/文件,威海出入境检验检疫局,威海市,山东省
e1d3ca65cb3e1e4eb271c7224dd01af7,中华人民共和国慈善法（草案）,fg_lvshangsite,法律,全国人大常委会,全国,全国
68dc61eb3843dfea20a7855ecc239b61,国务院法制办公室关于《中华人民共和国税收征收管理法修正案（征求意见稿）》公开征求意见的通知,fg_lvshangsite,行政法规,国务院法制办公室,全国,全国
6d541fb18839723c4bfd70ad38554005,第四机械工业部科学研究新产品试制计划管理办法（草案）,fg_crawl_faxin,部门规章/文件,第四机械工业部,全国,全国
e7df8d4aad5713b3ee620bfea4195331,国务院法制办公室关于公布《城市公共交通条例（草案）（征求意见稿）》公开征求意见的通知,fg_lvshangsite,行政法规,国务院法制办公室,全国,全国
a3e682b97a4df075a63f24cf5933911,铁路劳动定额工作条例（草案）,fg_crawl_faxin,部门规章/文件,铁道部,全国,全国
d0abce4be30fbac7f042ee9eb1a3d4ce,国务院法制办公室关于《畜禽养殖污染防治条例（征求意见稿）》公开征求意见的通知,fg_lvshangsite,行政法规,国务院法制办公室,全国,全国
88e69ca9517994972310fc060798c891,国务院关于提请审议《中华人民共和国企业所得税法（草案）》的议案,fg_lvshangsite,行政法规,国务院,全国,全国
83b4edc59b83cc9bbcda42a04ac02a6c,国务院法制办公室关于《粮食法（送审稿）》公开征求意见的通知,fg_lvshangsite,行政法规,国务院法制办公室,全国,全国
5971f965a7e5191887686b1e265fc3ff,关于促进广州场外市场交易场所规范发展的暂行办法（征求意见稿）,fg_crawl_wkinfo,地方法规/文件,广州市金融工作局,广州市,广东省
cf2c677f13204053466ec7094e3c7aee,广东省动物防疫条例（送审稿）,fg_crawl_wkinfo,地方法规/文件,广东省人民政府法制办公室,广东省级法规,广东省
9f446d5a11dc6051ec29d82ca583cdd,《北京市汽车租赁合同》示范文本公开征集意见,fg_lvshangsite,地方法规/文件,"北京市工商行政管理局,北京市交通委员会运输管理局",直辖市级法规,北京市
3ac7ddabfed9b1fd3c166ae72c1a34a3,国务院法制办公室关于公布《中华人民共和国标准化法（修订草案征求意见稿）》公开征求意见的通知,fg_lvshangsite,行政法规,国务院法制办公室,全国,全国
a222432bd639e09157624ef748afd511,全国人民代表大会宪法和法律委员会关于《中华人民共和国英雄烈士保护法（草案二次审议稿）》修改意见的报告,fg_ds_input,法律,全国人民代表大会,全国,全国
703542c7e0ddd5abba27c1a5173004dc,中华人民共和国核安全法（草案）,fg_crawl_wkinfo,法律,全国人大常委会,全国,全国
8bb9b8f13416b4c6c6865c6fb4464dc0,《深圳市房地产买卖合同（预售）示范文本》征求意见稿,fg_lvshangsite,地方法规/文件,深圳市规划和国土资源委员会,深圳市,广东省
a2006b00d5e2d5728210e7066384d4f5,国务院法制办公室发布中华人民共和国企业所得税法实施条例（送审稿）,fg_lvshangsite,行政法规,国务院法制办公室,全国,全国
d6cfe4f3234d4357e3dbbdbb96fef1dd,中华人民共和国监察法（草案）,fg_struct_input,法律,全国人大常委会,全国,全国
f639aeeec5d7e88b47842e5cfa46a2a,中国科学院研究所暂行条例（草案）,fg_crawl_faxin,部门规章/文件,中国科学院,全国,全国
dc5fc75ea8c60e5396acaaf2af09a052,广州市中小企业公共服务示范平台管理暂行办法（征求意见稿）,fg_crawl_wkinfo,地方法规/文件,广州市工业和信息化委员会,广州市,广东省
215c2eccec2b24cc4307c34648d3aeed,国务院法制办公室关于公布《全民健身条例（征求意见稿）》公开征求意见的通知,fg_lvshangsite,行政法规,国务院法制办公室,全国,全国
b985d616d0cacdc607c64be2b36b0673,水土保持法（修订草案）及说明,fg_lvshangsite,法律,全国人民代表大会,全国,全国
3a84571d84c17a797f8d0b266ca4ef15,国务院法制办公室关于《特许律师执业考核条例（征求意见稿）》公开征求意见的通知,fg_lvshangsite,行政法规,国务院法制办公室,全国,全国
1f0163c0d0817d228ea69e489433d914,全国人民代表大会宪法和法律委员会关于《中华人民共和国英雄烈士保护法（草案）》审议结果的报告,fg_ds_input,法律,全国人民代表大会,全国,全国
545070ab7b877079c215f6864bfdeb8e,深圳经济特区信访条例（草案）,fg_crawl_wkinfo,地方法规/文件,深圳市人大及其常委会,深圳市,广东省
bd1f6e4456e1f14c75e44b1ee8f6ce6a,最高人民法院关于审理物业服务纠纷案件具体应用法律若干问题的解释（征求意见稿）,fg_lvshangsite,司法解释/文件,最高人民法院,全国,全国
b98fb7d848703730cb97a5f66675010e,中华人民共和国立法法修正案（草案）（二次审议稿）,fg_lvshangsite,法律,全国人大常委会,全国,全国
54b12749a7bd40e7ae63fa366fb8a787,国务院法制办公室关于《中华人民共和国专利法实施条例修订草案（送审稿）》公开征求意见通知,fg_lvshangsite,行政法规,国务院法制办公室,全国,全国
223d9e4b2b703b9a568ed59632e182d1,深圳市校车安全管理办法（征求意见稿）,fg_crawl_wkinfo,地方法规/文件,深圳市人民政府法制办公室,深圳市,广东省
bc8934925627b5bf309c26ff07fc896,上海市共有产权保障住房管理办法征询公众意见,fg_lvshangsite,地方法规/文件,上海市人民政府法制办公室,直辖市级法规,上海市
a0fca39b68301c7f0c1f966ed11299ae,最高人民法院关于审理垄断民事纠纷案件适用法律若干问题的规定（征求意见稿）,fg_lvshangsite,司法解释/文件,最高人民法院,全国,全国
bca7c294d8ed3f71d5d630ec7675d2c5,《关于境内企业承接国际服务外包业务信息保护的若干规定（征求意见稿）》公开征求意见的通知,fg_lvshangsite,行政法规,国务院法制办公室,全国,全国
3a5bd0dc227bbe45924e78ffef04a00e,广东省实施《中华人民共和国劳动合同法》若干规定（征求意见稿）,fg_lvshangsite,地方法规/文件,广东省人民政府法制办公室,广东省级法规,广东省
6dfcc2c2bc4af7865dde2665d14582c5,国务院法制办公室关于《关于修改〈中华人民共和国保险法〉的决定（征求意见稿）》公开征求意见的通知,fg_lvshangsite,行政法规,国务院法制办公室,全国,全国
a41755f5f8476974164cc7eb7f54a87d,中华人民共和国行政诉讼法修正案（草案）,fg_lvshangsite,法律,全国人民代表大会常务委员会,全国,全国
a39749d1fe3349e5adb7682950dc60bd,广东省出租汽车管理办法（修订送审稿）,fg_crawl_wkinfo,地方法规/文件,广东省人民政府法制办公室,广东省级法规,广东省
a4cd5c2877c2cb29150047aa0f3bfe65,国务院法制办公室关于公布《机动车第三者责任强制保险条例（草案）》征求意见的通知,fg_lvshangsite,行政法规,国务院法制办公室,全国,全国
f52734aa598b26cb122c4e2b8c027e17,印章治安管理办法（草案）,fg_ds_input,部门规章/文件,公安部,全国,全国
ea8fda45b515f64fca65827808686843,中华人民共和国产品税条例（草案）,fg_lvshangsite,行政法规,国务院,全国,全国
1ead1527bc607303c655d50a4f3b5de5,国务院法制办公室关于《中华人民共和国预算法实施条例（修订草案征求意见稿）》公开征求意见的通知,fg_lvshangsite,行政法规,国务院法制办公室,全国,全国
d170f1a467384b28aebc786f78b7f531,关于修改《南京市城市公共汽车出租汽车客运管理条例》的决定（草案）,fg_crawl_wkinfo,地方法规/文件,南京市人民政府,南京市,江苏省
f1d2efded46a94ddf03de20e9bcb887d,最高人民法院关于审理环境民事公益诉讼案件适用法律若干问题的解释（征求意见稿）,fg_lvshangsite,司法解释/文件,最高人民法院,全国,全国
8a02515d764a8d162497e96f878710cd,国务院法制办公室关于公布《职工带薪年休假规定（草案）（征求意见稿）》公开征求意见的通知,fg_lvshangsite,行政法规,国务院法制办公室,全国,全国
6c825b1414f14df13ff4ae395dd662,资产评估法（草案二次审议稿）,fg_lvshangsite,法律,全国人大常委会,全国,全国
684230eaa144dcbbba9ef4e010f4c935,国务院法制办公室关于《农业保险条例（征求意见稿）》公开征求意见的通知,fg_lvshangsite,行政法规,国务院法制办公室,全国,全国
6d089e282e4228888aa02cb656e46358,国务院法制办公室关于《宗教事务条例修订草案（送审稿）》公开征求意见的通知,fg_lvshangsite,行政法规,国务院法制办公室,全国,全国
373e255fe41ad80caf234ea0584ddb8,国务院法制办公室关于公布《太湖管理条例（征求意见稿）》公开征求意见的通知,fg_lvshangsite,行政法规,国务院法制办公室,全国,全国
8a14e1bbc9915c1b16cac4f9c22b222b,海南省交通物流协会章程（征求意见稿）,fg_crawl_wkinfo,地方法规/文件,海南省交通运输厅,海南省级法规,海南省
565b085ff92783b19cd83d10dc589914,国家建材局关于砖瓦企业成本管理规程（试行草案）,fg_crawl_faxin,部门规章/文件,国家建筑材料工业局,全国,全国
eb78cc3d245ff2a82093b2163556a4f,深圳市路外停车场停车调节费征收方案（征求意见稿）,fg_crawl_wkinfo,地方法规/文件,深圳市交通运输委员会,深圳市,广东省
bde79da93114e0461de344fb0aee084b,淄博市市政消火栓管理办法（草案征求意见稿）,fg_crawl_wkinfo,地方法规/文件,淄博市人民政府法制办公室,淄博市,山东省
3a312c1bbf2859804b519c2e87408bfb,广东省实施《中华人民共和国民办教育促进法》办法（草案表决稿）,fg_crawl_wkinfo,地方法规/文件,广东省人大及其常委会,广东省级法规,广东省
f20d66545ca414399c2c5796cd235ebc,重庆市出租汽车客运管理办法（征求意见稿）,fg_crawl_wkinfo,地方法规/文件,重庆市交通委员会,直辖市级法规,重庆市
3ef81954615db5608af3d967ac7eb1a2,广州市围产保健管理规定（征求意见稿）,fg_crawl_wkinfo,地方法规/文件,广州市卫生局,广州市,广东省
a81b8defe658e61dfced80f4d1c312c5,商业部关于开展职工中级业务技术培训的办法（试行草案）,fg_crawl_faxin,部门规章/文件,商业部,全国,全国
36d4c21bdeea2f47fcee2c64236db7f3,个人所得税法修正案（草案）条文及草案说明,fg_lvshangsite,法律,全国人民代表大会,全国,全国
6afea78b013b22c84ed6abe64a4f4018,国务院法制办公室关于《中华人民共和国商标法实施条例（修订草案）（送审稿）》公开征求意见通知,fg_lvshangsite,行政法规,国务院法制办公室,全国,全国
a7797d1db66db5422b26dd1c4e37c59a,最高人民法院关于修改《最高人民法院关于限制被执行人高消费的若干规定》的决定（公开征求意见稿）,fg_lvshangsite,司法解释/文件,最高人民法院,全国,全国
6ffc496d4353c00ef4f85f7ff96e1a3a,国务院法制办公室关于《强制医疗所条例（送审稿）》公开征求意见的通知,fg_lvshangsite,行政法规,国务院法制办公室,全国,全国
d3004a30b2edc9742cfcbbc0414fb0dc,关于《江苏省非税收入管理条例（草案）》征求意见稿,fg_crawl_wkinfo,地方法规/文件,江苏省人大及其常委会,江苏省级法规,江苏省
89e61316f16649ada05f8fdceae46c86,关于《上海市居住证管理办法（草案）》的征求意见稿,fg_crawl_wkinfo,地方法规/文件,上海市人民政府法制办公室,直辖市级法规,上海市
6d0d7af20067d796927f5a5bf830664c,全国人民代表大会常务委员会关于中华人民共和国宪法修正案（草案）,fg_lvshangsite,法律,全国人大常委会,全国,全国
1f245e9b4b35eca051eb4d4f92fdad6b,深圳市公共图书馆总分馆体系建设指导意见（征求意见稿）,fg_crawl_wkinfo,地方法规/文件,深圳市文体旅游局,深圳市,广东省
be4832f0337e08cb84462ce447ce80b4,国务院法制办公室关于公布《社会救助暂行办法（征求意见稿）》公开征求意见的通知,fg_lvshangsite,行政法规,国务院法制办公室,全国,全国
6eb21b20b41cbbda7e497fe7027d3628,国务院法制办公室关于公布《中华人民共和国食品安全法（修订草案送审稿）》公开征求意见的通知,fg_lvshangsite,行政法规,国务院法制办公室,全国,全国
ea40a37d7016dae2c3928fd34ef77833,关于《全国人民代表大会常务委员会关于国务院机构改革涉及法律规定的行政机关职责调整问题的决定（草案）》的说明,fg_ds_input,法律,全国人大常委会,全国,全国
e738cdefd7dc8fb417fe56b22d33874,国家经委关于厂矿企业认真爱护、合理使用铁路货车的规定（试行草案）,fg_crawl_faxin,部门规章/文件,国家经济委员会,全国,全国
9f5fb46dbf1a528876f40c7bcf9661db,中华人民共和国网络安全法（草案）（二次审议稿）,fg_lvshangsite,法律,全国人大常委会,全国,全国
d3b6874036cf1f9ce8098c4c79eac059,国务院法制办公室关于《中华人民共和国测绘法修正案（征求意见稿）》公开征求意见的通知,fg_lvshangsite,行政法规,国务院法制办公室,全国,全国
a14a4c4db4eed2bfb85de4b4a3fc4193,关于公开征求《浙江省人民政府关于推进政策性担保体系建设的意见（征求意见稿）》意见的通知,fg_lvshangsite,地方法规/文件,浙江省经济和信息化委员会,浙江省级法规,浙江省
3f75aa333f8b121c7677607bc424f238,江苏省行政许可监督管理办法（第一次征求意见稿）,fg_crawl_wkinfo,地方法规/文件,江苏省人民政府法制办公室,江苏省级法规,江苏省
8c81bb4c659f58a4177298e2acad2183,河南省人大常委会关于批准《郑州市郑韩故城遗址保护条例》的决议（草案）,fg_crawl_faxin,地方法规/文件,河南省人大及其常委会,河南省级法规,河南省
260ebe9b17fc0b0227b07bf4977f9887,国务院法制办公室关于《快递条例（征求意见稿）》公开征求意见的通知,fg_lvshangsite,行政法规,国务院法制办公室,全国,全国
f5b081cd5dcfa3067d2c9e24d0ca7e61,全市2008年财政预算执行情况和2009年财政预算草案,fg_crawl_wkinfo,地方法规/文件,连云港市财政局,连云港市,江苏省
8f24d65253bd6edd62eb0316adebaf5b,广东省旧货流通治安管理条例（草案）,fg_crawl_wkinfo,地方法规/文件,广东省人大及其常委会,广东省级法规,广东省
506241e0e86e9a06d03357f1254a0d2e,国务院法制办公室关于公布《残疾预防和残疾人康复条例（草案）（征求意见稿）》公开征求意见的通知,fg_lvshangsite,行政法规,国务院法制办公室,全国,全国
9fec424bc42739f28f8e7ef842d43344,北京市旅游条例（草案送审稿）,fg_crawl_wkinfo,地方法规/文件,北京市人民政府法制办公室,直辖市级法规,北京市
71a63356c766d16f0f952a3aa75c5317,关于《深圳市房地产买卖合同（预售）示范文本》的征求意见稿,fg_crawl_wkinfo,地方法规/文件,深圳市规划和国土资源委员会,深圳市,广东省
58ce0734be02e37f95bb55a85b380f55,国务院法制办公室、中国证券监督管理委员会关于《国务院关于修改〈期货交易管理条例〉的决定（征求意见稿）》公开征求意见的通知,fg_lvshangsite,行政法规,"中国证券监督管理委员会,国务院法制办公室",全国,全国
dac4648341af36be652bd0a2d98d47af,《北京市健身类预付费服务交易合同》示范文本网上意见征集,fg_lvshangsite,地方法规/文件,北京市工商行政管理局,直辖市级法规,北京市
f8ac67d5e64b7bac3a99c6349c1c5a2a,关于国家标准《企业合同信用指标指南》公开征求意见的公告,fg_lvshangsite,部门规章/文件,国家工商行政管理总局,全国,全国
238881516b9814d7dacc6ee87682f4ad,国务院法制办公室关于《中华人民共和国出境入境边防检查条例（修订草案）（送审稿）》公开征求意见的通知,fg_lvshangsite,行政法规,国务院法制办公室,全国,全国
23edad70f30e5f8d3dff33041a49744b,国务院法制办公室关于《工程建设项目招标范围和规模标准规定（修订）（送审稿）》公开征求意见的通知,fg_lvshangsite,行政法规,国务院法制办公室,全国,全国
a74f04d743b37ce3c769a06d0411f9bc,国务院法制办公室关于公布《南水北调工程供用水管理条例（征求意见稿）》公开征求意见的通知,fg_lvshangsite,行政法规,国务院法制办公室,全国,全国
700778fa342fa2f862f642efb9c74e8d,全国人大代表大会常务委员会对《中华人民共和国刑法修正案（七）（草案）》征集意见　,fg_lvshangsite,法律,全国人大常委会,全国,全国
a3b57a021a47a993bbf5bfd970eaee23,中华人民共和国商标法修正案（草案）,fg_lvshangsite,法律,全国人大常委会,全国,全国
6fc33772ac458a746a2738bd47da2988,国务院法制办公室关于《中华人民共和国反家庭暴力法（征求意见稿）》公开征求意见的通知,fg_lvshangsite,行政法规,国务院法制办公室,全国,全国
579eb29e882f0af256ab5fe9b94a9664,关于《江苏省保护和促进台湾同胞投资条例（草案）》征求意见稿,fg_crawl_wkinfo,地方法规/文件,江苏省人大及其常委会,江苏省级法规,江苏省
3c125760790d3642e6675022ba2813dd,国务院法制办公室关于《中华人民共和国道路交通安全法修正案（送审稿）》公开征求意见的通知,fg_lvshangsite,行政法规,国务院法制办公室,全国,全国
5904d78b3346e5e6472e4203e2e9806e,关于《医疗器械监督管理条例（修订草案）》公开征求意见的通知,fg_lvshangsite,行政法规,国务院法制办公室,全国,全国
8cb5bba5aeb4853d041d7dbd3226a54e,北京市民用运输机场管理办法（送审稿）,fg_crawl_wkinfo,地方法规/文件,北京市人民政府法制办公室,直辖市级法规,北京市
ec26b0db84da28a5ea4dcded002e556a,财政部关于下达2012年港口建设费安排地方建设项目（第三批）资金的通知（草案）,fg_crawl_faxin,部门规章/文件,财政部,全国,全国
f82bd1023a77d525865c2183b8f7d357,资产评估法（草案三次审议稿）,fg_lvshangsite,法律,全国人大常委会,全国,全国
2212ba225fd56b7b1fb8988d4762a626,广东省实施《中华人民共和国残疾人保障法》办法（征求意见稿）,fg_crawl_wkinfo,地方法规/文件,广东省人民政府法制办公室,广东省级法规,广东省
56ee999a1237b0a4280a1611374bc5e4,刑事诉讼法修正案（草案）条文及草案说明　,fg_lvshangsite,法律,全国人民代表大会常务委员会,全国,全国
be70cb7ce41df00331ab379595ab4163,中华人民共和国非物质文化遗产法（草案）及草案说明,fg_lvshangsite,法律,全国人民代表大会,全国,全国
22eeb708341b184c624d0de72a858efa,国务院法制办公室关于公布《无证无照经营查处办法（征求意见稿）》公开征求意见的通知,fg_lvshangsite,行政法规,国务院法制办公室,全国,全国
68e66bab366a6939a65129e4e4e87a84,全国人大代表大会常务委员会对《中华人民共和国专利法修正案（草案）》征集意见,fg_lvshangsite,法律,全国人大常委会,全国,全国
cfc027b03b589c40aa43906da54483c9,关于征求《动产质押监管服务规范（报批稿）》等2项行业标准意见的函,fg_lvshangsite,部门规章/文件,商务部,全国,全国
c283ef9ffb705c7d84669975a44f0100,最高人民法院就《关于适用〈中华人民共和国保险法〉若干问题的解释（二）》（征求意见稿）向社会公开征求意见的通知,fg_lvshangsite,司法解释/文件,最高人民法院,全国,全国
8998964fa265dff74c8102570fb1b577,国务院法制办就《中华人民共和国政府采购法实施条例（征求意见稿）》公开征求意见的通知,fg_lvshangsite,行政法规,国务院法制办公室,全国,全国
a6ceceaccebc31ae46e8288b3edb0767,盘锦市人民政府法制办公室关于征求《盘锦市中小企业信用担保基金管理办法》（修订草案）修改意见的通知,fg_lvshangsite,地方法规/文件,辽宁省盘锦市人民政府法制办公室,盘锦市,辽宁省
d83331087d181b435636f3b27a386561,珠海市公共租赁住房建设管理办法（征求意见稿）,fg_crawl_wkinfo,地方法规/文件,珠海市住房和城乡规划建设局,珠海市,广东省
71db81a39b355dfab121dbb9bac070c3,关于《广东省反走私综合治理条例（草案）》修改情况的报告,fg_crawl_wkinfo,地方法规/文件,广东省人大及其常委会,广东省级法规,广东省
5a2ccff7a91ecf70f26a448aef4f50e1,国务院法制办公室关于《中华人民共和国环境保护税法（征求意见稿）》公开征求意见的通知,fg_lvshangsite,行政法规,国务院法制办公室,全国,全国
b5a3705e22fa09d27833e68d90cf672e,广东省治理车辆非法超限超载工作责任追究办法（征求意见稿）,fg_crawl_wkinfo,地方法规/文件,广东省人民政府法制办公室,广东省级法规,广东省
f81157fa8a958c432e1e7811dc0b1ddf,国务院法制办公室关于《中华人民共和国文物保护法修订草案（送审稿）》公开征求意见通知,fg_lvshangsite,行政法规,国务院法制办公室,全国,全国
71a4f73d2e3bfa86f9226d51a513bec,广东省地方税务局、广东省财政厅、广东省住房和城乡建设厅关于优化房地产交易环节契税征管工作的公告（征求意见稿）,fg_crawl_wkinfo,地方法规/文件,广东省地方税务局,广东省级法规,广东省
1bc4bf2620b4d0dcf038c9ae74ccb0f8,关于对《交通运输安全生产统计办法（征求意见稿）》公开征求意见的通知,fg_lvshangsite,行政法规,国务院法制办公室,全国,全国
82069b4a832c0bc55ec9e3f6eed0c683,职业病防治法修正案（草案）条文及草案说明,fg_lvshangsite,法律,全国人大常委会,全国,全国
f36823485bee9a690f6c3325de86c2a,出版物市场管理规定（修订征求意见稿）,fg_crawl_wkinfo,部门规章/文件,国家新闻出版广电总局,全国,全国
5903ce4a870d3dab31a42be5683387b,国务院法制办公室关于公布《中华人民共和国广告法（修订草案）（征求意见稿）》公开征求意见的通知,fg_lvshangsite,行政法规,国务院法制办公室,全国,全国
ddd46840c5de821570373de8e9579205,国务院安委会办公室关于征求国家安全发展示范城市建设三个规范性文件（征求意见稿）修改意见的函,fg_lvshangsite,部门规章/文件,国务院安全生产委员会,全国,全国
bc6521279b1ffbdd04d1b79b1433bec1,中华人民共和国立法法修正案（草案）,fg_lvshangsite,法律,全国人大常委会,全国,全国
c530818180ab13dcde528c5037382a00,中华人民共和国反间谍法（草案）,fg_lvshangsite,法律,全国人大常委会,全国,全国
d5fb16b6b973f5df5c4d64a767ea3ed,国务院法制办公室关于公布《典当行管理条例（征求意见稿）》公开征求意见的通知,fg_lvshangsite,行政法规,国务院法制办公室,全国,全国
bf43de92463c52e72cd704eeeba43b78,国务院法制办公室关于公布《国家赔偿费用管理条例（送审稿）》公开征求意见的通知,fg_lvshangsite,行政法规,国务院法制办公室,全国,全国
c07c7087e6f86f1d99f4f8d783149bd7,国务院法制办公室关于公布《中华人民共和国公共图书馆法（征求意见稿）》公开征求意见的通知,fg_lvshangsite,行政法规,国务院法制办公室,全国,全国
73bc166ddd54d61758d957f63208c6f6,中华人民共和国促进科技成果转化法修正案（草案）,fg_lvshangsite,法律,全国人大常委会,全国,全国
6b73894183e4272a6699c6de781bd146,黑龙江省科学技术进步奖评审委员会章程（草案）,fg_crawl_faxin,地方法规/文件,,黑龙江省级法规,黑龙江省
8d7a08e03069307d6ae2aafefe9fa758,国务院法制办关于《职业技能培训和鉴定条例（征求意见稿）》公开征求意见的通知,fg_lvshangsite,行政法规,国务院法制办公室,全国,全国
d73f645a94648bd869f9538df0c006a4,全国人民代表大会宪法和法律委员会关于《中华人民共和国人民陪审员法（草案）》审议结果的报告,fg_ds_input,法律,全国人民代表大会,全国,全国
ad46be9f77c504f66e0d716e1563d398,国务院法制办公室关于《国务院关于修改〈音像制品管理条例〉的决定（送审稿）》公开征求意见的通知,fg_lvshangsite,行政法规,国务院法制办公室,全国,全国
8cb6a0e51be1031dd8c95ee3b3fd9bfe,深圳经济特区政府招标采购条例（草案）,fg_crawl_wkinfo,地方法规/文件,深圳市人大及其常委会,深圳市,广东省
57ff9f340242e7f51224ca367b185568,关于公开征求《浙江省省属文化企业国有资产产权登记管理办法（征求意见稿）》意见的通知,fg_lvshangsite,地方法规/文件,浙江省财政厅政策法规处,浙江省级法规,浙江省
a4417b26aa19abfffb0c8b6315cebec2,《北京市非居民供热采暖合同》示范文本网上意见征集,fg_lvshangsite,地方法规/文件,"北京市工商行政管理局,北京市政市容管理委员会",直辖市级法规,北京市
8f10058ab0d457fe6174670b849716f1,国务院法制办公室关于《生产安全事故应急条例（征求意见稿）》公开征求意见的通知,fg_lvshangsite,行政法规,国务院法制办公室,全国,全国
5ad296fda5e2ace5ff13b79dbaf004c6,全国人民代表大会常务委员会关于《国家赔偿法》修正案（草案）向社会公布征求意见,fg_lvshangsite,法律,全国人大常委会,全国,全国
7340f7db8f413d39d8f636a3f309a797,国务院法制办公室关于《女职工特殊劳动保护条例（征求意见稿）》公开征求意见的通知,fg_lvshangsite,行政法规,国务院法制办公室,全国,全国
703c94fc1de1392fed441ddf20656bfe,江门海关关于预约通关的公告（征求意见稿）,fg_crawl_wkinfo,地方法规/文件,江门海关,江门市,广东省
f5afbaac51bb5232acc111dd10a6eb34,中华人民共和国大气污染防治法（修订草案）（二次审议稿）,fg_lvshangsite,法律,全国人大常委会,全国,全国
aaf5b6763f34de3d9f37ecc4ed75ae5d,行政监察法修正案（草案）条文及草案说明,fg_lvshangsite,法律,全国人大常委会,全国,全国
54dfc383221e535837c173ff84ea1533,国务院法制办公室关于《中华人民共和国促进科技成果转化法（修订草案送审稿）》公开征求意见的通知,fg_lvshangsite,行政法规,国务院法制办公室,全国,全国
c1410eae063e6b029c4bf743fc1a862a,宁波市燃气管理条例（修订草案）,fg_crawl_wkinfo,地方法规/文件,宁波市人民政府,宁波市,浙江省
4104f457dde2d256921faec217a83971,国务院法制办公室关于《教育法律一揽子修订草案（征求意见稿）》公开征求意见的通知,fg_lvshangsite,行政法规,国务院法制办公室,全国,全国
55f5529c84f596322d297122d2d8eaa,侵权责任法（草案）征求意见,fg_lvshangsite,,,全国,全国
d7357f1959da1d8292833f4092fb4e56,全国人民代表大会常务委员会办公厅关于公布《中华人民共和国婚姻法（修正草案）》征求意见的通知,fg_lvshangsite,法律,全国人大常委会,全国,全国
3e5acfef8bb6f328c35b1b306070e001,国务院法制办公室关于《缺陷汽车产品召回管理条例（征求意见稿）》公开征求意见的通知,fg_lvshangsite,行政法规,国务院法制办公室,全国,全国
d9e0fb0a7f5fbe6255fa92320f3fec81,国务院法制办公室关于公布《中华人民共和国公路保护条例（征求意见稿）》公开征求意见的通知,fg_lvshangsite,行政法规,国务院法制办公室,全国,全国
74062936b5fdda084998e226f4c0ffd2,中华人民共和国盐税条例（草案）,fg_lvshangsite,行政法规,国务院,全国,全国
c271d45f5c9878309f7b72f124ccf7ca,全国人民代表大会常务委员会对《中华人民共和国保险法修订（草案）》征求意见,fg_lvshangsite,法律,全国人大常委会,全国,全国
5c2fb13ae019b3a77ed9fff9354e23ac,国务院法制办公室关于《中华人民共和国保守国家秘密法实施条例（征求意见稿）》公开征求意见的通知,fg_lvshangsite,行政法规,国务院法制办公室,全国,全国
c5aa2a87b3b9e021ccedd841f9a16504,全国人大常委会办公厅关于公布《中华人民共和国食品安全法［草案］》征求意见的通知,fg_lvshangsite,法律,全国人大常委会,全国,全国
de2a4f78c244921e9ba91baa9863132f,国务院法制办公室关于《中华人民共和国社区矫正法（征求意见稿）》公开征求意见的通知,fg_lvshangsite,行政法规,国务院法制办公室,全国,全国
74898aecbba24e3c68a67a21dd6592f6,国务院法制办公室关于《医疗器械监督管理条例修正案（送审稿）》公开征求意见的通知,fg_lvshangsite,行政法规,国务院法制办公室,全国,全国
287f8eda9e2951b6da72fd95e82ee1c4,军事设施保护法修正案（草案）,fg_lvshangsite,法律,全国人大常委会,全国,全国
409150bed70fe2ad370d633959506c99,国务院法制办公室关于《中国公民收养子女登记办法（修订草案）（征求意见稿）》公开征求意见的通知,fg_lvshangsite,行政法规,国务院法制办公室,全国,全国
c6b8e6d300cded3a27941f73ba4a42f8,广州市促进中小微企业发展专项资金管理办法（征求意见稿）,fg_crawl_wkinfo,地方法规/文件,广州市工业和信息化委员会,广州市,广东省
f5774c8b1ae73f362cec2433656968e0,国务院法制办公室关于公布《个体工商户条例（征求意见稿）》公开征求意见的通知,fg_lvshangsite,行政法规,国务院法制办公室,全国,全国
bf6fd36f44533676deb39102a3cb172f,国务院法制办公室关于公布《森林防火条例（征求意见稿）》公开征求意见的通知,fg_lvshangsite,行政法规,国务院法制办公室,全国,全国
a8631d1702bd6d0a0a23918bbd862055,最高人民法院关于审理政府信息公开行政案件若干问题的规定（征求意见稿）,fg_lvshangsite,司法解释/文件,最高人民法院,全国,全国
3efbcc364c2840e9f4618cab013553e6,《学位授权点合格评估办法》和《博士硕士学位论文抽检办法》公开征求意见,fg_lvshangsite,行政法规,"教育部,国务院学位委员会",全国,全国
3fbd0cee6ec919580bc2c2dc53abaaf,中华人民共和国电子商务法（草案）征求意见,fg_lvshangsite,法律,全国人大常委会,全国,全国
7468878e704c83b5638c025b2be57c93,《上海市家政服务合同示范文本》征询意见,fg_lvshangsite,地方法规/文件,上海市工商行政管理局,直辖市级法规,上海市
920f3603d2f642412e41b076de382d5c,国务院法制办公室关于公布《基础测绘条例（征求意见稿）》及其说明公开征求意见的通知,fg_lvshangsite,行政法规,国务院法制办公室,全国,全国
c1bec1c00f4a5cbdee067ad8c4b88680,《广州市房地产开发项目车位、车库租售管理规定》（征求意见稿）,fg_crawl_wkinfo,地方法规/文件,广州市国土资源和房屋管理局,广州市,广东省
59aab844a26ec9a7a9129c679811014f,山东省地情网站管理规定（征求意见稿）,fg_crawl_wkinfo,地方法规/文件,山东省地方史志办公室,山东省级法规,山东省
e0ed7ac6cc9ef2db5880422132725c50,广东省实施《中华人民共和国就业促进法》办法（草案表决对照稿）,fg_crawl_wkinfo,地方法规/文件,广东省人大及其常委会,广东省级法规,广东省
87e6c383d89344e0751ee432a16f23dd,广东省流动人员服务管理条例（修订草案）,fg_crawl_wkinfo,地方法规/文件,广东省人大及其常委会,广东省级法规,广东省
8fb6aa05f0479085614cd38762bb4b20,关于对《上海市取水许可和水资源费征收管理办法（草案）》的征求意见稿,fg_crawl_wkinfo,地方法规/文件,上海市人民政府法制办公室,直辖市级法规,上海市
5a8da2d5dd29c7b8ba863d45a9b0015e,广东省最低生活保障制度实施办法（征求意见稿）,fg_crawl_wkinfo,地方法规/文件,广东省人民政府法制办公室,广东省级法规,广东省
c3a32466067de29c641a08974ca7e6ed,晋城市城区教育局关于市区义务教育阶段中小学校新生招收实施细则（征求意见稿）,fg_crawl_faxin,地方法规/文件,晋城市城区教育局,晋城市,山西省
a7718e2dfea06473f78d778ed7e6c067,关于支持广州区域金融中心建设的若干规定（征求意见稿）,fg_crawl_wkinfo,地方法规/文件,广州市人民政府金融工作办公室,广州市,广东省
c36c946bab004276ee3c65858a9b0220,《北京市居民天然气供用气合同》示范文本公开征求意见,fg_lvshangsite,地方法规/文件,"北京市城市管理委员会,北京市城市工商行政管理局",直辖市级法规,北京市
f333877fe2a446d4c4431c8053fbb057,中、小学卫生工作暂行规定（草案）,fg_crawl_faxin,部门规章/文件,卫生部,全国,全国
ebc5127d3507c799a7835be3a824583e,湖南省国土资源厅规范行政处罚裁量权办法（试行·送审稿）,fg_crawl_wkinfo,地方法规/文件,湖南省国土资源厅,湖南省级法规,湖南省
eaf5c0796f3b28900055a32cb353880a,中华人民共和国水污染防治法（修订草案）,fg_lvshangsite,法律,全国人民代表大会,全国,全国
59bd049c75bf90aa7115b85788867245,关于《〈中华人民共和国森林法〉等7部法律的修正案（草案）》的说明,fg_ds_input,法律,全国人大常委会,全国,全国
87d645f8d7bed6d566431b72288036a6,唐山市防震减灾条例（征求意见稿）,fg_crawl_faxin,地方法规/文件,唐山市人大及其常委会,唐山市,河北省
7162a67ea04b74ec9b4e31cd2eb895ae,关于征求对《专利权质押登记办法》（草案）意见的通知,fg_lvshangsite,行政法规,国务院法制办公室,全国,全国
4130e7d67f39324a1818506955b7ca82,最高人民法院关于执行程序中多个债权人参与分配问题的若干规定（征求意见稿）,fg_lvshangsite,司法解释/文件,最高人民法院,全国,全国
73c2497a859f1ea096e6863daf82abc8,中华人民共和国资源税条例（草案）,fg_lvshangsite,行政法规,国务院,全国,全国
736abc0e42a2a04e9ea193520b726b40,国务院法制办公室关于《外国企业常驻代表机构登记管理条例（征求意见稿）》公开征求意见的通知,fg_lvshangsite,行政法规,国务院法制办公室,全国,全国
73b0f45a92d3c443e50e896b6926a453,上海市地板买卖合同示范文本（意见征询稿）,fg_lvshangsite,地方法规/文件,上海市工商行政管理局,直辖市级法规,上海市
a82680096881c0afaf22033f08b30386,北京市人民政府关于修改《北京市社会抚养费征收管理办法》的决定（草案送审稿）,fg_crawl_wkinfo,地方法规/文件,北京市人民政府法制办公室,直辖市级法规,北京市
72ceedb5d010a7d3fcf8e471c6ec15d8,广东省交通运输厅关于落实客运班车实名制进一步加强道路旅客运输及客运站管理的通知（征求意见稿）,fg_crawl_wkinfo,地方法规/文件,广东省交通运输厅,广东省级法规,广东省
c283654a269f270e60d353b9cc9b5dfd,中华人民共和国海洋环境保护法修正案（草案）,fg_lvshangsite,法律,全国人大常委会,全国,全国
8e083367510de2f6bd0db60ec5baa06a,国务院法制办公室关于《中华人民共和国专利法修订草案（送审稿）》公开征求意见的通知,fg_lvshangsite,行政法规,国务院法制办公室,全国,全国
7412ee221a8f386e34dc17a767c31e23,国务院法制办公室关于《政府核准和备案投资项目管理条例（征求意见稿）》公开征求意见的通知,fg_lvshangsite,行政法规,国务院法制办公室,全国,全国
d94cbbd820dd467a1ec19a3e31a662c9,国务院法制办公室关于《人类遗传资源管理条例（送审稿）》公开征求意见的通知,fg_lvshangsite,行政法规,国务院法制办公室,全国,全国
a6a08254cfacea84af6e391000822217,关于《广州市社会医疗保险条例（草案征求意见稿）》的征求意见稿,fg_crawl_wkinfo,地方法规/文件,广州市人民政府法制办公室,广州市,广东省
55fce0db17f96065021a5be8111c2785,鞍山市促进中小企业发展条例（草案）,fg_crawl_wkinfo,地方法规/文件,鞍山市人大及其常委会,鞍山市,辽宁省
f08c24ca56610856ffae5247c3c9cf14,国务院法制办公室关于公布《建筑市场管理条例（征求意见稿）》公开征求意见的通知,fg_lvshangsite,行政法规,国务院法制办公室,全国,全国
273a001f3a29548096af4f8e215757f5,法制办就《拘留所条例（征求意见稿）》征求意见,fg_lvshangsite,行政法规,国务院法制办公室,全国,全国
adc8383903f9fef4de93a5c26806062,深圳市财政委员会关于征求《深圳市企业化管理事业单位国有资本与财务管理暂行办法》意见的函,fg_lvshangsite,地方法规/文件,深圳市财政委员会,深圳市,广东省
fbf9db9239b415e21f19f5d0d07e99e6,国务院法制办公室关于公布《民用建筑节能条例（草案）》广泛征求意见的通知,fg_lvshangsite,行政法规,国务院法制办公室,全国,全国
f217fb9194109f558ba2754d698f652,国务院法制办公室关于《居住证管理办法（征求意见稿）》公开征求意见的通知,fg_lvshangsite,行政法规,国务院法制办公室,全国,全国
f74b2e49c0a84890e50418e15f8946c1,中国银监会关于《商业银行押品管理指引（征求意见稿）》公开征求意见的公告,fg_lvshangsite,部门规章/文件,中国银行业监督管理委员会,全国,全国
59c17bf8b1ee8c038384ea5dcdee9569,国务院法制办公室关于公布《国有土地上房屋征收与补偿条例（征求意见稿）》公开征求意见的通知,fg_lvshangsite,行政法规,国务院法制办公室,全国,全国
5bd296fa433bde4abd24bc7e9755e958,关于《对外承包工程投（议）标管理规定（草案）》公开征求意见的通知,fg_lvshangsite,行政法规,国务院法制办公室,全国,全国
28d41aa840aede5ed48dc256d2383e7c,全国人民代表大会常务委员会关于中华人民共和国宪法修正案草案,fg_lvshangsite,法律,全国人大常委会,全国,全国
75be310968ace8b246e6c4bbd5790bc6,国务院关于工人、职员退休处理的暂行规定实施细则（草案）,fg_lvshangsite,行政法规,国务院,全国,全国
f0fc93312a904cf2913b0a73df055862,北京市全民健身条例（修订草案修改二稿）,fg_crawl_wkinfo,地方法规/文件,北京市人大及其常委会,直辖市级法规,北京市
f6f60cfaae5a02b273ae3c4686808472,关于《保健食品监督管理条例（送审稿）》公开征求意见的通知,fg_lvshangsite,行政法规,国务院法制办公室,全国,全国
4249d8865e551d0ca556cadbb380fca7,广东省实施《中华人民共和国村民委员会组织法》办法（征求意见稿）,fg_crawl_wkinfo,地方法规/文件,广东省人民政府法制办公室,广东省级法规,广东省
f24b3d94a9342963c41c88a439ff5d1c,国务院法制办公室关于《农田水利条例（征求意见稿）》公开征求意见的通知,fg_lvshangsite,行政法规,国务院法制办公室,全国,全国
91d9b5b1bcd04a867d7984cec99ed81d,广东省实施〈中华人民共和国政府采购法〉办法（草案修改稿）,fg_crawl_wkinfo,地方法规/文件,广东省人大及其常委会,广东省级法规,广东省
7465bbb88711113d98ae63d30fb68ea6,中华人民共和国中小企业促进法（修订草案）征求意见,fg_lvshangsite,法律,全国人大常委会,全国,全国
43136555876c99a223cba11f7945e102,国家勋章和国家荣誉称号法（草案）,fg_lvshangsite,法律,全国人大常委会,全国,全国
4254fddf46ca6edf23e856fc6b23f18c,关于进一步加强本市食品安全举报奖励工作的实施意见（征求意见稿）,fg_crawl_wkinfo,地方法规/文件,上海食品药品监督管理局,直辖市级法规,上海市
2970d6f0305c04fbec59833893fb301e,广东省劳动人事争议处理办法（修订草案送审稿）,fg_crawl_wkinfo,地方法规/文件,广东省人民政府法制办公室,广东省级法规,广东省
